{
  "autorizacionSalida" : {
    "transaction" : "autorizacionSalida",
    "sampleCount" : 146,
    "errorCount" : 87,
    "errorPct" : 59.589043,
    "meanResTime" : 552.3356164383564,
    "medianResTime" : 520.5,
    "minResTime" : 427.0,
    "maxResTime" : 2226.0,
    "pct1ResTime" : 647.3,
    "pct2ResTime" : 709.25,
    "pct3ResTime" : 1593.8500000000015,
    "throughput" : 0.24325305982359155,
    "receivedKBytesPerSec" : 0.11110265903918375,
    "sentKBytesPerSec" : 0.48144431348071803
  },
  "preAutorizacionPlacasNoFlypass" : {
    "transaction" : "preAutorizacionPlacasNoFlypass",
    "sampleCount" : 564,
    "errorCount" : 564,
    "errorPct" : 100.0,
    "meanResTime" : 787.1719858156027,
    "medianResTime" : 767.0,
    "minResTime" : 680.0,
    "maxResTime" : 4457.0,
    "pct1ResTime" : 848.5,
    "pct2ResTime" : 885.75,
    "pct3ResTime" : 1201.6500000000033,
    "throughput" : 0.9401347526478795,
    "receivedKBytesPerSec" : 0.38560214464073184,
    "sentKBytesPerSec" : 1.6828779312534796
  },
  "autorizacion" : {
    "transaction" : "autorizacion",
    "sampleCount" : 203,
    "errorCount" : 77,
    "errorPct" : 37.931034,
    "meanResTime" : 172.4334975369459,
    "medianResTime" : 149.0,
    "minResTime" : 110.0,
    "maxResTime" : 887.0,
    "pct1ResTime" : 194.99999999999997,
    "pct2ResTime" : 293.5999999999999,
    "pct3ResTime" : 742.440000000001,
    "throughput" : 0.34250157753189653,
    "receivedKBytesPerSec" : 0.16511821260574525,
    "sentKBytesPerSec" : 0.6977214128232253
  },
  "preAutorizacion" : {
    "transaction" : "preAutorizacion",
    "sampleCount" : 205,
    "errorCount" : 0,
    "errorPct" : 0.0,
    "meanResTime" : 522.5219512195124,
    "medianResTime" : 495.0,
    "minResTime" : 394.0,
    "maxResTime" : 2525.0,
    "pct1ResTime" : 592.6,
    "pct2ResTime" : 646.0999999999999,
    "pct3ResTime" : 2054.0399999999972,
    "throughput" : 0.34125715807697427,
    "receivedKBytesPerSec" : 0.1820097783701225,
    "sentKBytesPerSec" : 0.6086072364204621
  },
  "Total" : {
    "transaction" : "Total",
    "sampleCount" : 1119,
    "errorCount" : 728,
    "errorPct" : 65.05809,
    "meanResTime" : 597.2225201072398,
    "medianResTime" : 699.0,
    "minResTime" : 110.0,
    "maxResTime" : 4457.0,
    "pct1ResTime" : 817.0,
    "pct2ResTime" : 854.0,
    "pct3ResTime" : 1030.5999999999988,
    "throughput" : 1.855875279873953,
    "receivedKBytesPerSec" : 0.8446362675180362,
    "sentKBytesPerSec" : 3.4466185784476324
  },
  "loginCognito" : {
    "transaction" : "loginCognito",
    "sampleCount" : 1,
    "errorCount" : 0,
    "errorPct" : 0.0,
    "meanResTime" : 1565.0,
    "medianResTime" : 1565.0,
    "minResTime" : 1565.0,
    "maxResTime" : 1565.0,
    "pct1ResTime" : 1565.0,
    "pct2ResTime" : 1565.0,
    "pct3ResTime" : 1565.0,
    "throughput" : 0.6389776357827476,
    "receivedKBytesPerSec" : 2.59397464057508,
    "sentKBytesPerSec" : 0.2901607428115016
  }
}