{
  "autorizacionSalida" : {
    "transaction" : "autorizacionSalida",
    "sampleCount" : 20,
    "errorCount" : 6,
    "errorPct" : 30.0,
    "meanResTime" : 178.5,
    "medianResTime" : 150.0,
    "minResTime" : 125.0,
    "maxResTime" : 472.0,
    "pct1ResTime" : 295.10000000000014,
    "pct2ResTime" : 463.4999999999999,
    "pct3ResTime" : 472.0,
    "throughput" : 0.3861376580751038,
    "receivedKBytesPerSec" : 0.1822841249155324,
    "sentKBytesPerSec" : 0.752176549377353
  },
  "preAutorizacionPlacasNoFlypass" : {
    "transaction" : "preAutorizacionPlacasNoFlypass",
    "sampleCount" : 166,
    "errorCount" : 166,
    "errorPct" : 100.0,
    "meanResTime" : 115.4819277108434,
    "medianResTime" : 104.0,
    "minResTime" : 95.0,
    "maxResTime" : 993.0,
    "pct1ResTime" : 118.0,
    "pct2ResTime" : 131.60000000000002,
    "pct3ResTime" : 720.3100000000051,
    "throughput" : 1.6682578764886187,
    "receivedKBytesPerSec" : 0.684246394653535,
    "sentKBytesPerSec" : 2.940630338927692
  },
  "autorizacion" : {
    "transaction" : "autorizacion",
    "sampleCount" : 45,
    "errorCount" : 10,
    "errorPct" : 22.222221,
    "meanResTime" : 131.2666666666667,
    "medianResTime" : 123.0,
    "minResTime" : 103.0,
    "maxResTime" : 244.0,
    "pct1ResTime" : 159.0,
    "pct2ResTime" : 202.59999999999985,
    "pct3ResTime" : 244.0,
    "throughput" : 0.46971879501471786,
    "receivedKBytesPerSec" : 0.22609294430178908,
    "sentKBytesPerSec" : 0.9466138493977161
  },
  "preAutorizacion" : {
    "transaction" : "preAutorizacion",
    "sampleCount" : 46,
    "errorCount" : 10,
    "errorPct" : 21.73913,
    "meanResTime" : 179.32608695652172,
    "medianResTime" : 161.0,
    "minResTime" : 142.0,
    "maxResTime" : 654.0,
    "pct1ResTime" : 203.4000000000001,
    "pct2ResTime" : 310.79999999999984,
    "pct3ResTime" : 654.0,
    "throughput" : 0.4654692638502403,
    "receivedKBytesPerSec" : 0.23795218821148495,
    "sentKBytesPerSec" : 0.8204804895016443
  },
  "Total" : {
    "transaction" : "Total",
    "sampleCount" : 278,
    "errorCount" : 192,
    "errorPct" : 69.06475,
    "meanResTime" : 136.7158273381294,
    "medianResTime" : 110.0,
    "minResTime" : 95.0,
    "maxResTime" : 1111.0,
    "pct1ResTime" : 168.1,
    "pct2ResTime" : 198.80000000000018,
    "pct3ResTime" : 725.189999999993,
    "throughput" : 2.6880940639534323,
    "receivedKBytesPerSec" : 1.225719600000967,
    "sentKBytesPerSec" : 4.871367854915441
  },
  "loginCognito" : {
    "transaction" : "loginCognito",
    "sampleCount" : 1,
    "errorCount" : 0,
    "errorPct" : 0.0,
    "meanResTime" : 1111.0,
    "medianResTime" : 1111.0,
    "minResTime" : 1111.0,
    "maxResTime" : 1111.0,
    "pct1ResTime" : 1111.0,
    "pct2ResTime" : 1111.0,
    "pct3ResTime" : 1111.0,
    "throughput" : 0.9000900090009001,
    "receivedKBytesPerSec" : 3.6539786791179116,
    "sentKBytesPerSec" : 0.4087322794779478
  }
}