{
  "autorizacionSalida" : {
    "transaction" : "autorizacionSalida",
    "sampleCount" : 258,
    "errorCount" : 0,
    "errorPct" : 0.0,
    "meanResTime" : 193.0581395348836,
    "medianResTime" : 171.0,
    "minResTime" : 130.0,
    "maxResTime" : 547.0,
    "pct1ResTime" : 259.1,
    "pct2ResTime" : 354.19999999999993,
    "pct3ResTime" : 495.210000000002,
    "throughput" : 0.3216953594820954,
    "receivedKBytesPerSec" : 0.1633609247370016,
    "sentKBytesPerSec" : 0.6266467112416318
  },
  "preAutorizacionPlacasNoFlypass" : {
    "transaction" : "preAutorizacionPlacasNoFlypass",
    "sampleCount" : 3324,
    "errorCount" : 3324,
    "errorPct" : 100.0,
    "meanResTime" : 110.76444043321276,
    "medianResTime" : 108.0,
    "minResTime" : 87.0,
    "maxResTime" : 1228.0,
    "pct1ResTime" : 122.0,
    "pct2ResTime" : 129.0,
    "pct3ResTime" : 186.75,
    "throughput" : 3.324468750093763,
    "receivedKBytesPerSec" : 1.363551635780645,
    "sentKBytesPerSec" : 5.860199334981232
  },
  "autorizacion" : {
    "transaction" : "autorizacion",
    "sampleCount" : 201,
    "errorCount" : 40,
    "errorPct" : 19.900497,
    "meanResTime" : 142.18905472636806,
    "medianResTime" : 131.0,
    "minResTime" : 101.0,
    "maxResTime" : 564.0,
    "pct1ResTime" : 179.0,
    "pct2ResTime" : 205.29999999999984,
    "pct3ResTime" : 309.75999999999937,
    "throughput" : 0.20272273782604575,
    "receivedKBytesPerSec" : 0.09813866991695429,
    "sentKBytesPerSec" : 0.4085509676858948
  },
  "preAutorizacion" : {
    "transaction" : "preAutorizacion",
    "sampleCount" : 201,
    "errorCount" : 0,
    "errorPct" : 0.0,
    "meanResTime" : 461.80597014925365,
    "medianResTime" : 454.0,
    "minResTime" : 375.0,
    "maxResTime" : 875.0,
    "pct1ResTime" : 526.0,
    "pct2ResTime" : 571.5999999999999,
    "pct3ResTime" : 836.6399999999987,
    "throughput" : 0.20203441621100032,
    "receivedKBytesPerSec" : 0.1032238184504664,
    "sentKBytesPerSec" : 0.3561251184188043
  },
  "Total" : {
    "transaction" : "Total",
    "sampleCount" : 3985,
    "errorCount" : 3364,
    "errorPct" : 84.416565,
    "meanResTime" : 135.60752823086585,
    "medianResTime" : 110.0,
    "minResTime" : 87.0,
    "maxResTime" : 1228.0,
    "pct1ResTime" : 171.0,
    "pct2ResTime" : 402.0,
    "pct3ResTime" : 501.69999999999936,
    "throughput" : 3.9710694882352704,
    "receivedKBytesPerSec" : 1.692497289819812,
    "sentKBytesPerSec" : 7.09688342980325
  },
  "loginCognito" : {
    "transaction" : "loginCognito",
    "sampleCount" : 1,
    "errorCount" : 0,
    "errorPct" : 0.0,
    "meanResTime" : 1003.0,
    "medianResTime" : 1003.0,
    "minResTime" : 1003.0,
    "maxResTime" : 1003.0,
    "pct1ResTime" : 1003.0,
    "pct2ResTime" : 1003.0,
    "pct3ResTime" : 1003.0,
    "throughput" : 0.9970089730807576,
    "receivedKBytesPerSec" : 4.047428028414756,
    "sentKBytesPerSec" : 0.45274333250249255
  }
}