{
  "autorizacionSalida" : {
    "transaction" : "autorizacionSalida",
    "sampleCount" : 40,
    "errorCount" : 14,
    "errorPct" : 35.0,
    "meanResTime" : 291.09999999999997,
    "medianResTime" : 228.0,
    "minResTime" : 132.0,
    "maxResTime" : 747.0,
    "pct1ResTime" : 565.6,
    "pct2ResTime" : 689.7999999999995,
    "pct3ResTime" : 747.0,
    "throughput" : 0.039676910914423845,
    "receivedKBytesPerSec" : 0.018493935136186038,
    "sentKBytesPerSec" : 0.07728570159441667
  },
  "preAutorizacionPlacasNoFlypass" : {
    "transaction" : "preAutorizacionPlacasNoFlypass",
    "sampleCount" : 3984,
    "errorCount" : 3984,
    "errorPct" : 100.0,
    "meanResTime" : 112.79693775100394,
    "medianResTime" : 109.0,
    "minResTime" : 90.0,
    "maxResTime" : 780.0,
    "pct1ResTime" : 122.0,
    "pct2ResTime" : 131.0,
    "pct3ResTime" : 229.35000000000082,
    "throughput" : 3.3199308347742753,
    "receivedKBytesPerSec" : 1.3616903814503865,
    "sentKBytesPerSec" : 5.85220880814983
  },
  "autorizacion" : {
    "transaction" : "autorizacion",
    "sampleCount" : 15,
    "errorCount" : 3,
    "errorPct" : 20.0,
    "meanResTime" : 319.46666666666664,
    "medianResTime" : 273.0,
    "minResTime" : 164.0,
    "maxResTime" : 511.0,
    "pct1ResTime" : 488.2,
    "pct2ResTime" : 511.0,
    "pct3ResTime" : 511.0,
    "throughput" : 0.034717239655419826,
    "receivedKBytesPerSec" : 0.01680260153635358,
    "sentKBytesPerSec" : 0.06996111452175845
  },
  "preAutorizacion" : {
    "transaction" : "preAutorizacion",
    "sampleCount" : 15,
    "errorCount" : 14,
    "errorPct" : 93.333336,
    "meanResTime" : 222.4,
    "medianResTime" : 181.0,
    "minResTime" : 166.0,
    "maxResTime" : 630.0,
    "pct1ResTime" : 417.0000000000001,
    "pct2ResTime" : 630.0,
    "pct3ResTime" : 630.0,
    "throughput" : 0.034714427547518266,
    "receivedKBytesPerSec" : 0.017736902825060116,
    "sentKBytesPerSec" : 0.06119095871413132
  },
  "Total" : {
    "transaction" : "Total",
    "sampleCount" : 4055,
    "errorCount" : 4015,
    "errorPct" : 99.013565,
    "meanResTime" : 115.98175092478441,
    "medianResTime" : 109.0,
    "minResTime" : 90.0,
    "maxResTime" : 1151.0,
    "pct1ResTime" : 124.0,
    "pct2ResTime" : 137.0,
    "pct3ResTime" : 396.8800000000001,
    "throughput" : 3.351862949722056,
    "receivedKBytesPerSec" : 1.381819288452398,
    "sentKBytesPerSec" : 5.916665482734392
  },
  "loginCognito" : {
    "transaction" : "loginCognito",
    "sampleCount" : 1,
    "errorCount" : 0,
    "errorPct" : 0.0,
    "meanResTime" : 1151.0,
    "medianResTime" : 1151.0,
    "minResTime" : 1151.0,
    "maxResTime" : 1151.0,
    "pct1ResTime" : 1151.0,
    "pct2ResTime" : 1151.0,
    "pct3ResTime" : 1151.0,
    "throughput" : 0.8688097306689835,
    "receivedKBytesPerSec" : 3.526994189834926,
    "sentKBytesPerSec" : 0.39452785621198955
  }
}