{
  "autorizacionSalida" : {
    "transaction" : "autorizacionSalida",
    "sampleCount" : 371,
    "errorCount" : 228,
    "errorPct" : 61.455524,
    "meanResTime" : 475.876010781671,
    "medianResTime" : 467.0,
    "minResTime" : 401.0,
    "maxResTime" : 2105.0,
    "pct1ResTime" : 517.6,
    "pct2ResTime" : 548.7999999999998,
    "pct3ResTime" : 781.4799999999975,
    "throughput" : 0.30917594194492504,
    "receivedKBytesPerSec" : 0.14051935229931897,
    "sentKBytesPerSec" : 0.611918585422146
  },
  "autorizacionConSubAccountId" : {
    "transaction" : "autorizacionConSubAccountId",
    "sampleCount" : 251,
    "errorCount" : 99,
    "errorPct" : 39.44223,
    "meanResTime" : 126.92430278884474,
    "medianResTime" : 118.0,
    "minResTime" : 92.0,
    "maxResTime" : 648.0,
    "pct1ResTime" : 137.0,
    "pct2ResTime" : 160.19999999999982,
    "pct3ResTime" : 589.96,
    "throughput" : 0.21036945402002616,
    "receivedKBytesPerSec" : 0.1010661268301514,
    "sentKBytesPerSec" : 0.42649856413418724
  },
  "preAutorizacionPlacasNoFlypass" : {
    "transaction" : "preAutorizacionPlacasNoFlypass",
    "sampleCount" : 1606,
    "errorCount" : 1606,
    "errorPct" : 100.0,
    "meanResTime" : 745.3113325031127,
    "medianResTime" : 736.5,
    "minResTime" : 668.0,
    "maxResTime" : 2320.0,
    "pct1ResTime" : 812.3,
    "pct2ResTime" : 837.0,
    "pct3ResTime" : 932.3000000000006,
    "throughput" : 1.3385229574189677,
    "receivedKBytesPerSec" : 0.5490035567538735,
    "sentKBytesPerSec" : 2.3960580287936626
  },
  "autorizacion" : {
    "transaction" : "autorizacion",
    "sampleCount" : 256,
    "errorCount" : 157,
    "errorPct" : 61.328125,
    "meanResTime" : 131.36718750000006,
    "medianResTime" : 128.0,
    "minResTime" : 102.0,
    "maxResTime" : 364.0,
    "pct1ResTime" : 148.0,
    "pct2ResTime" : 168.0,
    "pct3ResTime" : 204.32000000000016,
    "throughput" : 0.21472240838021298,
    "receivedKBytesPerSec" : 0.09762373169093057,
    "sentKBytesPerSec" : 0.439443582473535
  },
  "preAutorizacion" : {
    "transaction" : "preAutorizacion",
    "sampleCount" : 256,
    "errorCount" : 0,
    "errorPct" : 0.0,
    "meanResTime" : 481.4726562499999,
    "medianResTime" : 465.0,
    "minResTime" : 413.0,
    "maxResTime" : 1983.0,
    "pct1ResTime" : 529.2,
    "pct2ResTime" : 559.6999999999996,
    "pct3ResTime" : 1074.88,
    "throughput" : 0.21406561612850628,
    "receivedKBytesPerSec" : 0.11514486796499693,
    "sentKBytesPerSec" : 0.3840220086211582
  },
  "Total" : {
    "transaction" : "Total",
    "sampleCount" : 2992,
    "errorCount" : 2185,
    "errorPct" : 73.028076,
    "meanResTime" : 571.2205882352923,
    "medianResTime" : 692.0,
    "minResTime" : 92.0,
    "maxResTime" : 2320.0,
    "pct1ResTime" : 787.7000000000003,
    "pct2ResTime" : 819.0,
    "pct3ResTime" : 921.1400000000003,
    "throughput" : 2.48829246750957,
    "receivedKBytesPerSec" : 1.1041425856764338,
    "sentKBytesPerSec" : 4.6132909601465695
  },
  "preAutorizacionConSubAccountId" : {
    "transaction" : "preAutorizacionConSubAccountId",
    "sampleCount" : 251,
    "errorCount" : 95,
    "errorPct" : 37.848606,
    "meanResTime" : 578.3227091633466,
    "medianResTime" : 466.0,
    "minResTime" : 373.0,
    "maxResTime" : 1926.0,
    "pct1ResTime" : 792.0,
    "pct2ResTime" : 843.9999999999997,
    "pct3ResTime" : 1172.199999999998,
    "throughput" : 0.2097264615469457,
    "receivedKBytesPerSec" : 0.10159523059257335,
    "sentKBytesPerSec" : 0.37226397965778657
  },
  "loginCognito" : {
    "transaction" : "loginCognito",
    "sampleCount" : 1,
    "errorCount" : 0,
    "errorPct" : 0.0,
    "meanResTime" : 1668.0,
    "medianResTime" : 1668.0,
    "minResTime" : 1668.0,
    "maxResTime" : 1668.0,
    "pct1ResTime" : 1668.0,
    "pct2ResTime" : 1668.0,
    "pct3ResTime" : 1668.0,
    "throughput" : 0.5995203836930455,
    "receivedKBytesPerSec" : 2.433795151378897,
    "sentKBytesPerSec" : 0.27224314298561153
  }
}