{
  "autorizacionSalida" : {
    "transaction" : "autorizacionSalida",
    "sampleCount" : 825,
    "errorCount" : 419,
    "errorPct" : 50.78788,
    "meanResTime" : 1034.6096969696978,
    "medianResTime" : 611.0,
    "minResTime" : 460.0,
    "maxResTime" : 29435.0,
    "pct1ResTime" : 1180.8,
    "pct2ResTime" : 1990.1999999999996,
    "pct3ResTime" : 18518.680000000062,
    "throughput" : 2.704075779675183,
    "receivedKBytesPerSec" : 1.2633456126370473,
    "sentKBytesPerSec" : 5.351899869303003
  },
  "preAutorizacionPlacasNoFlypass" : {
    "transaction" : "preAutorizacionPlacasNoFlypass",
    "sampleCount" : 957,
    "errorCount" : 957,
    "errorPct" : 100.0,
    "meanResTime" : 1063.7241379310362,
    "medianResTime" : 812.0,
    "minResTime" : 723.0,
    "maxResTime" : 27617.0,
    "pct1ResTime" : 1096.0,
    "pct2ResTime" : 1415.7999999999938,
    "pct3ResTime" : 4531.2399999998315,
    "throughput" : 3.1866221804886816,
    "receivedKBytesPerSec" : 1.307013003716061,
    "sentKBytesPerSec" : 5.704178180503666
  },
  "autorizacion" : {
    "transaction" : "autorizacion",
    "sampleCount" : 523,
    "errorCount" : 255,
    "errorPct" : 48.75717,
    "meanResTime" : 350.8565965583178,
    "medianResTime" : 151.0,
    "minResTime" : 98.0,
    "maxResTime" : 29120.0,
    "pct1ResTime" : 446.6,
    "pct2ResTime" : 693.7999999999997,
    "pct3ResTime" : 2266.5199999999995,
    "throughput" : 1.7722145226711306,
    "receivedKBytesPerSec" : 0.8324529266106652,
    "sentKBytesPerSec" : 3.624563088126163
  },
  "preAutorizacion" : {
    "transaction" : "preAutorizacion",
    "sampleCount" : 524,
    "errorCount" : 120,
    "errorPct" : 22.900763,
    "meanResTime" : 1148.7729007633593,
    "medianResTime" : 721.5,
    "minResTime" : 461.0,
    "maxResTime" : 29426.0,
    "pct1ResTime" : 1285.0,
    "pct2ResTime" : 1658.5,
    "pct3ResTime" : 25752.25,
    "throughput" : 1.7496235304330985,
    "receivedKBytesPerSec" : 0.8839385175529979,
    "sentKBytesPerSec" : 3.1387289310601583
  },
  "Total" : {
    "transaction" : "Total",
    "sampleCount" : 2830,
    "errorCount" : 1751,
    "errorPct" : 61.87279,
    "meanResTime" : 939.8851590106004,
    "medianResTime" : 751.0,
    "minResTime" : 98.0,
    "maxResTime" : 29435.0,
    "pct1ResTime" : 1093.0,
    "pct2ResTime" : 1494.8999999999996,
    "pct3ResTime" : 8536.210000000045,
    "throughput" : 9.134424515116988,
    "receivedKBytesPerSec" : 4.17155593564104,
    "sentKBytesPerSec" : 17.287738104268
  },
  "loginCognito" : {
    "transaction" : "loginCognito",
    "sampleCount" : 1,
    "errorCount" : 0,
    "errorPct" : 0.0,
    "meanResTime" : 2883.0,
    "medianResTime" : 2883.0,
    "minResTime" : 2883.0,
    "maxResTime" : 2883.0,
    "pct1ResTime" : 2883.0,
    "pct2ResTime" : 2883.0,
    "pct3ResTime" : 2883.0,
    "throughput" : 0.346860908775581,
    "receivedKBytesPerSec" : 1.4081062478321194,
    "sentKBytesPerSec" : 0.15751008064516128
  }
}