{
  "autorizacionSalida" : {
    "transaction" : "autorizacionSalida",
    "sampleCount" : 210,
    "errorCount" : 0,
    "errorPct" : 0.0,
    "meanResTime" : 656.4857142857144,
    "medianResTime" : 537.5,
    "minResTime" : 450.0,
    "maxResTime" : 9910.0,
    "pct1ResTime" : 707.8,
    "pct2ResTime" : 931.0999999999993,
    "pct3ResTime" : 7694.8199999999015,
    "throughput" : 0.2981904101964081,
    "receivedKBytesPerSec" : 0.15753589067700582,
    "sentKBytesPerSec" : 0.5901740668770092
  },
  "autorizacionConSubAccountId" : {
    "transaction" : "autorizacionConSubAccountId",
    "sampleCount" : 145,
    "errorCount" : 89,
    "errorPct" : 61.37931,
    "meanResTime" : 184.77931034482745,
    "medianResTime" : 148.0,
    "minResTime" : 116.0,
    "maxResTime" : 1618.0,
    "pct1ResTime" : 256.4000000000001,
    "pct2ResTime" : 315.09999999999997,
    "pct3ResTime" : 1322.6799999999948,
    "throughput" : 0.2093935385486284,
    "receivedKBytesPerSec" : 0.09507606130031944,
    "sentKBytesPerSec" : 0.4249978067831954
  },
  "preAutorizacionPlacasNoFlypass" : {
    "transaction" : "preAutorizacionPlacasNoFlypass",
    "sampleCount" : 879,
    "errorCount" : 879,
    "errorPct" : 100.0,
    "meanResTime" : 795.4880546075092,
    "medianResTime" : 760.0,
    "minResTime" : 691.0,
    "maxResTime" : 6507.0,
    "pct1ResTime" : 852.0,
    "pct2ResTime" : 895.0,
    "pct3ResTime" : 1474.800000000007,
    "throughput" : 1.2548018655006572,
    "receivedKBytesPerSec" : 0.514664827646754,
    "sentKBytesPerSec" : 2.2461443549440476
  },
  "autorizacion" : {
    "transaction" : "autorizacion",
    "sampleCount" : 144,
    "errorCount" : 71,
    "errorPct" : 49.305557,
    "meanResTime" : 165.8402777777778,
    "medianResTime" : 146.0,
    "minResTime" : 116.0,
    "maxResTime" : 877.0,
    "pct1ResTime" : 197.5,
    "pct2ResTime" : 282.5,
    "pct3ResTime" : 765.4000000000028,
    "throughput" : 0.2092047169852438,
    "receivedKBytesPerSec" : 0.09808315497057332,
    "sentKBytesPerSec" : 0.4281591546676623
  },
  "preAutorizacion" : {
    "transaction" : "preAutorizacion",
    "sampleCount" : 144,
    "errorCount" : 0,
    "errorPct" : 0.0,
    "meanResTime" : 659.7222222222224,
    "medianResTime" : 545.0,
    "minResTime" : 455.0,
    "maxResTime" : 8267.0,
    "pct1ResTime" : 710.5,
    "pct2ResTime" : 931.5,
    "pct3ResTime" : 6450.800000000046,
    "throughput" : 0.20674001151427007,
    "receivedKBytesPerSec" : 0.11073214633101085,
    "sentKBytesPerSec" : 0.37088027456222084
  },
  "Total" : {
    "transaction" : "Total",
    "sampleCount" : 1668,
    "errorCount" : 1039,
    "errorPct" : 62.29017,
    "meanResTime" : 644.2931654676262,
    "medianResTime" : 723.0,
    "minResTime" : 116.0,
    "maxResTime" : 11050.0,
    "pct1ResTime" : 826.0,
    "pct2ResTime" : 883.0,
    "pct3ResTime" : 1611.7899999999995,
    "throughput" : 2.3606835792378726,
    "receivedKBytesPerSec" : 1.081011116565828,
    "sentKBytesPerSec" : 4.379222337950678
  },
  "preAutorizacionConSubAccountId" : {
    "transaction" : "preAutorizacionConSubAccountId",
    "sampleCount" : 145,
    "errorCount" : 0,
    "errorPct" : 0.0,
    "meanResTime" : 622.5241379310345,
    "medianResTime" : 477.0,
    "minResTime" : 403.0,
    "maxResTime" : 11050.0,
    "pct1ResTime" : 632.0,
    "pct2ResTime" : 811.7999999999986,
    "pct3ResTime" : 7421.979999999937,
    "throughput" : 0.20829412854764406,
    "receivedKBytesPerSec" : 0.11176871028944266,
    "sentKBytesPerSec" : 0.36973189807306384
  },
  "loginCognito" : {
    "transaction" : "loginCognito",
    "sampleCount" : 1,
    "errorCount" : 0,
    "errorPct" : 0.0,
    "meanResTime" : 1645.0,
    "medianResTime" : 1645.0,
    "minResTime" : 1645.0,
    "maxResTime" : 1645.0,
    "pct1ResTime" : 1645.0,
    "pct2ResTime" : 1645.0,
    "pct3ResTime" : 1645.0,
    "throughput" : 0.6079027355623101,
    "receivedKBytesPerSec" : 2.4678238981762917,
    "sentKBytesPerSec" : 0.2760495820668693
  }
}