{
  "autorizacionSalida" : {
    "transaction" : "autorizacionSalida",
    "sampleCount" : 642,
    "errorCount" : 389,
    "errorPct" : 60.5919,
    "meanResTime" : 452.64797507788165,
    "medianResTime" : 446.0,
    "minResTime" : 378.0,
    "maxResTime" : 2164.0,
    "pct1ResTime" : 485.0,
    "pct2ResTime" : 508.8000000000002,
    "pct3ResTime" : 757.370000000002,
    "throughput" : 0.585128441161325,
    "receivedKBytesPerSec" : 0.2665452799525153,
    "sentKBytesPerSec" : 1.158080947324769
  },
  "autorizacionConSubAccountId" : {
    "transaction" : "autorizacionConSubAccountId",
    "sampleCount" : 458,
    "errorCount" : 12,
    "errorPct" : 2.6200874,
    "meanResTime" : 117.27074235807859,
    "medianResTime" : 114.0,
    "minResTime" : 95.0,
    "maxResTime" : 444.0,
    "pct1ResTime" : 131.0,
    "pct2ResTime" : 139.0,
    "pct3ResTime" : 202.709999999999,
    "throughput" : 0.42057743996899843,
    "receivedKBytesPerSec" : 0.22029755767787992,
    "sentKBytesPerSec" : 0.8535832001236938
  },
  "preAutorizacionPlacasNoFlypass" : {
    "transaction" : "preAutorizacionPlacasNoFlypass",
    "sampleCount" : 2854,
    "errorCount" : 2854,
    "errorPct" : 100.0,
    "meanResTime" : 715.612824106517,
    "medianResTime" : 714.0,
    "minResTime" : 652.0,
    "maxResTime" : 4295.0,
    "pct1ResTime" : 751.0,
    "pct2ResTime" : 774.0,
    "pct3ResTime" : 852.8999999999996,
    "throughput" : 2.602456923593178,
    "receivedKBytesPerSec" : 1.0674139725675145,
    "sentKBytesPerSec" : 4.658599286717987
  },
  "autorizacion" : {
    "transaction" : "autorizacion",
    "sampleCount" : 438,
    "errorCount" : 312,
    "errorPct" : 71.23288,
    "meanResTime" : 110.42694063926939,
    "medianResTime" : 107.5,
    "minResTime" : 85.0,
    "maxResTime" : 313.0,
    "pct1ResTime" : 126.0,
    "pct2ResTime" : 133.04999999999995,
    "pct3ResTime" : 172.0,
    "throughput" : 0.40160053400034473,
    "receivedKBytesPerSec" : 0.17799426492890388,
    "sentKBytesPerSec" : 0.820541509151541
  },
  "preAutorizacion" : {
    "transaction" : "preAutorizacion",
    "sampleCount" : 440,
    "errorCount" : 255,
    "errorPct" : 57.954544,
    "meanResTime" : 644.9113636363634,
    "medianResTime" : 739.0,
    "minResTime" : 350.0,
    "maxResTime" : 2474.0,
    "pct1ResTime" : 807.0,
    "pct2ResTime" : 825.0,
    "pct3ResTime" : 1256.8499999999997,
    "throughput" : 0.40204604889245454,
    "receivedKBytesPerSec" : 0.18579371000098682,
    "sentKBytesPerSec" : 0.7212486248197646
  },
  "Total" : {
    "transaction" : "Total",
    "sampleCount" : 5296,
    "errorCount" : 3822,
    "errorPct" : 72.16767,
    "meanResTime" : 551.4384441087608,
    "medianResTime" : 676.0,
    "minResTime" : 85.0,
    "maxResTime" : 4295.0,
    "pct1ResTime" : 747.0,
    "pct2ResTime" : 780.0,
    "pct3ResTime" : 852.0,
    "throughput" : 4.816388817902124,
    "receivedKBytesPerSec" : 2.142338930115526,
    "sentKBytesPerSec" : 8.924254511556242
  },
  "preAutorizacionConSubAccountId" : {
    "transaction" : "preAutorizacionConSubAccountId",
    "sampleCount" : 461,
    "errorCount" : 0,
    "errorPct" : 0.0,
    "meanResTime" : 426.46203904555296,
    "medianResTime" : 419.0,
    "minResTime" : 363.0,
    "maxResTime" : 2011.0,
    "pct1ResTime" : 454.8,
    "pct2ResTime" : 488.79999999999995,
    "pct3ResTime" : 755.7599999999991,
    "throughput" : 0.42058359851691823,
    "receivedKBytesPerSec" : 0.2217823316228688,
    "sentKBytesPerSec" : 0.7465193157693304
  },
  "loginCognito" : {
    "transaction" : "loginCognito",
    "sampleCount" : 3,
    "errorCount" : 0,
    "errorPct" : 0.0,
    "meanResTime" : 1674.0,
    "medianResTime" : 1616.0,
    "minResTime" : 1571.0,
    "maxResTime" : 1835.0,
    "pct1ResTime" : 1835.0,
    "pct2ResTime" : 1835.0,
    "pct3ResTime" : 1835.0,
    "throughput" : 0.030663559425978166,
    "receivedKBytesPerSec" : 0.12448087552128051,
    "sentKBytesPerSec" : 0.01392437024714829
  }
}