{
  "autorizacionSalida" : {
    "transaction" : "autorizacionSalida",
    "sampleCount" : 40,
    "errorCount" : 0,
    "errorPct" : 0.0,
    "meanResTime" : 307.8499999999999,
    "medianResTime" : 223.5,
    "minResTime" : 151.0,
    "maxResTime" : 667.0,
    "pct1ResTime" : 604.1999999999999,
    "pct2ResTime" : 636.1999999999999,
    "pct3ResTime" : 667.0,
    "throughput" : 0.039683405788618405,
    "receivedKBytesPerSec" : 0.020151729502032784,
    "sentKBytesPerSec" : 0.07729835280383104
  },
  "preAutorizacionPlacasNoFlypass" : {
    "transaction" : "preAutorizacionPlacasNoFlypass",
    "sampleCount" : 2396,
    "errorCount" : 2396,
    "errorPct" : 100.0,
    "meanResTime" : 119.04173622704519,
    "medianResTime" : 112.0,
    "minResTime" : 92.0,
    "maxResTime" : 867.0,
    "pct1ResTime" : 127.0,
    "pct2ResTime" : 140.1500000000001,
    "pct3ResTime" : 422.0,
    "throughput" : 1.9972308843915072,
    "receivedKBytesPerSec" : 0.8191767299262042,
    "sentKBytesPerSec" : 3.5206006894864466
  },
  "autorizacion" : {
    "transaction" : "autorizacion",
    "sampleCount" : 38,
    "errorCount" : 13,
    "errorPct" : 34.210526,
    "meanResTime" : 362.42105263157896,
    "medianResTime" : 356.5,
    "minResTime" : 142.0,
    "maxResTime" : 736.0,
    "pct1ResTime" : 515.8000000000001,
    "pct2ResTime" : 693.2499999999999,
    "pct3ResTime" : 736.0,
    "throughput" : 0.03325844348734035,
    "receivedKBytesPerSec" : 0.015533484579022499,
    "sentKBytesPerSec" : 0.06702885777157926
  },
  "preAutorizacion" : {
    "transaction" : "preAutorizacion",
    "sampleCount" : 39,
    "errorCount" : 0,
    "errorPct" : 0.0,
    "meanResTime" : 261.1794871794871,
    "medianResTime" : 240.0,
    "minResTime" : 170.0,
    "maxResTime" : 657.0,
    "pct1ResTime" : 379.0,
    "pct2ResTime" : 416.0,
    "pct3ResTime" : 657.0,
    "throughput" : 0.03324054391757709,
    "receivedKBytesPerSec" : 0.017066409066656664,
    "sentKBytesPerSec" : 0.058592950948463514
  },
  "Total" : {
    "transaction" : "Total",
    "sampleCount" : 2514,
    "errorCount" : 2409,
    "errorPct" : 95.82339,
    "meanResTime" : 128.31145584725525,
    "medianResTime" : 112.0,
    "minResTime" : 92.0,
    "maxResTime" : 1079.0,
    "pct1ResTime" : 137.0,
    "pct2ResTime" : 209.25,
    "pct3ResTime" : 547.8999999999987,
    "throughput" : 2.0783627065341936,
    "receivedKBytesPerSec" : 0.8638167549495456,
    "sentKBytesPerSec" : 3.676591024267406
  },
  "loginCognito" : {
    "transaction" : "loginCognito",
    "sampleCount" : 1,
    "errorCount" : 0,
    "errorPct" : 0.0,
    "meanResTime" : 1079.0,
    "medianResTime" : 1079.0,
    "minResTime" : 1079.0,
    "maxResTime" : 1079.0,
    "pct1ResTime" : 1079.0,
    "pct2ResTime" : 1079.0,
    "pct3ResTime" : 1079.0,
    "throughput" : 0.9267840593141798,
    "receivedKBytesPerSec" : 3.7623450532900837,
    "sentKBytesPerSec" : 0.42085408943466174
  }
}