{
  "autorizacionSalida" : {
    "transaction" : "autorizacionSalida",
    "sampleCount" : 370,
    "errorCount" : 227,
    "errorPct" : 61.351353,
    "meanResTime" : 485.3162162162162,
    "medianResTime" : 474.0,
    "minResTime" : 398.0,
    "maxResTime" : 1219.0,
    "pct1ResTime" : 541.0,
    "pct2ResTime" : 571.25,
    "pct3ResTime" : 683.0,
    "throughput" : 0.30805736527693944,
    "receivedKBytesPerSec" : 0.14004950643173822,
    "sentKBytesPerSec" : 0.6097052705388922
  },
  "autorizacionConSubAccountId" : {
    "transaction" : "autorizacionConSubAccountId",
    "sampleCount" : 253,
    "errorCount" : 6,
    "errorPct" : 2.3715415,
    "meanResTime" : 127.65612648221347,
    "medianResTime" : 124.0,
    "minResTime" : 100.0,
    "maxResTime" : 392.0,
    "pct1ResTime" : 145.6,
    "pct2ResTime" : 155.29999999999998,
    "pct3ResTime" : 202.76000000000005,
    "throughput" : 0.211833185971117,
    "receivedKBytesPerSec" : 0.11102207105035769,
    "sentKBytesPerSec" : 0.42992965861365645
  },
  "preAutorizacionPlacasNoFlypass" : {
    "transaction" : "preAutorizacionPlacasNoFlypass",
    "sampleCount" : 1504,
    "errorCount" : 1504,
    "errorPct" : 100.0,
    "meanResTime" : 765.301861702127,
    "medianResTime" : 748.0,
    "minResTime" : 671.0,
    "maxResTime" : 4357.0,
    "pct1ResTime" : 822.0,
    "pct2ResTime" : 863.75,
    "pct3ResTime" : 1059.8500000000001,
    "throughput" : 1.2530712326005142,
    "receivedKBytesPerSec" : 0.5139549977463047,
    "sentKBytesPerSec" : 2.243054590768931
  },
  "autorizacion" : {
    "transaction" : "autorizacion",
    "sampleCount" : 239,
    "errorCount" : 145,
    "errorPct" : 60.669456,
    "meanResTime" : 144.4142259414226,
    "medianResTime" : 131.0,
    "minResTime" : 101.0,
    "maxResTime" : 662.0,
    "pct1ResTime" : 158.0,
    "pct2ResTime" : 202.0,
    "pct3ResTime" : 619.5999999999998,
    "throughput" : 0.2004214720999055,
    "receivedKBytesPerSec" : 0.09128031243736828,
    "sentKBytesPerSec" : 0.41017873779756087
  },
  "preAutorizacion" : {
    "transaction" : "preAutorizacion",
    "sampleCount" : 239,
    "errorCount" : 0,
    "errorPct" : 0.0,
    "meanResTime" : 491.45188284518815,
    "medianResTime" : 481.0,
    "minResTime" : 401.0,
    "maxResTime" : 1044.0,
    "pct1ResTime" : 543.0,
    "pct2ResTime" : 598.0,
    "pct3ResTime" : 936.5999999999998,
    "throughput" : 0.19981272781995119,
    "receivedKBytesPerSec" : 0.10745763515575361,
    "sentKBytesPerSec" : 0.35845310645043976
  },
  "Total" : {
    "transaction" : "Total",
    "sampleCount" : 2859,
    "errorCount" : 1882,
    "errorPct" : 65.82721,
    "meanResTime" : 572.5676810073442,
    "medianResTime" : 695.0,
    "minResTime" : 100.0,
    "maxResTime" : 4357.0,
    "pct1ResTime" : 796.0,
    "pct2ResTime" : 829.0,
    "pct3ResTime" : 955.8000000000011,
    "throughput" : 2.3760608750286725,
    "receivedKBytesPerSec" : 1.0741966744081872,
    "sentKBytesPerSec" : 4.409231808621552
  },
  "preAutorizacionConSubAccountId" : {
    "transaction" : "preAutorizacionConSubAccountId",
    "sampleCount" : 253,
    "errorCount" : 0,
    "errorPct" : 0.0,
    "meanResTime" : 476.90513833992065,
    "medianResTime" : 450.0,
    "minResTime" : 385.0,
    "maxResTime" : 4081.0,
    "pct1ResTime" : 516.2,
    "pct2ResTime" : 555.0,
    "pct3ResTime" : 1170.640000000003,
    "throughput" : 0.21118865825084038,
    "receivedKBytesPerSec" : 0.11135760656888548,
    "sentKBytesPerSec" : 0.3748526948674478
  },
  "loginCognito" : {
    "transaction" : "loginCognito",
    "sampleCount" : 1,
    "errorCount" : 0,
    "errorPct" : 0.0,
    "meanResTime" : 1464.0,
    "medianResTime" : 1464.0,
    "minResTime" : 1464.0,
    "maxResTime" : 1464.0,
    "pct1ResTime" : 1464.0,
    "pct2ResTime" : 1464.0,
    "pct3ResTime" : 1464.0,
    "throughput" : 0.6830601092896175,
    "receivedKBytesPerSec" : 2.772930541325137,
    "sentKBytesPerSec" : 0.3101786629098361
  }
}