{
  "autorizacionSalida" : {
    "transaction" : "autorizacionSalida",
    "sampleCount" : 40,
    "errorCount" : 0,
    "errorPct" : 0.0,
    "meanResTime" : 322.34999999999997,
    "medianResTime" : 255.5,
    "minResTime" : 145.0,
    "maxResTime" : 713.0,
    "pct1ResTime" : 596.8,
    "pct2ResTime" : 677.0999999999998,
    "pct3ResTime" : 713.0,
    "throughput" : 0.039662511688046416,
    "receivedKBytesPerSec" : 0.020141119216586068,
    "sentKBytesPerSec" : 0.07725765368727498
  },
  "preAutorizacionPlacasNoFlypass" : {
    "transaction" : "preAutorizacionPlacasNoFlypass",
    "sampleCount" : 3970,
    "errorCount" : 3970,
    "errorPct" : 100.0,
    "meanResTime" : 118.3916876574306,
    "medianResTime" : 112.0,
    "minResTime" : 90.0,
    "maxResTime" : 787.0,
    "pct1ResTime" : 129.0,
    "pct2ResTime" : 142.44999999999982,
    "pct3ResTime" : 339.4499999999998,
    "throughput" : 3.3088103534926288,
    "receivedKBytesPerSec" : 1.357129246549711,
    "sentKBytesPerSec" : 5.832606818003762
  },
  "autorizacion" : {
    "transaction" : "autorizacion",
    "sampleCount" : 38,
    "errorCount" : 13,
    "errorPct" : 34.210526,
    "meanResTime" : 357.60526315789474,
    "medianResTime" : 346.0,
    "minResTime" : 156.0,
    "maxResTime" : 891.0,
    "pct1ResTime" : 507.1,
    "pct2ResTime" : 754.1999999999996,
    "pct3ResTime" : 891.0,
    "throughput" : 0.033262257141756735,
    "receivedKBytesPerSec" : 0.01553526576105795,
    "sentKBytesPerSec" : 0.0670365437866979
  },
  "preAutorizacion" : {
    "transaction" : "preAutorizacion",
    "sampleCount" : 39,
    "errorCount" : 0,
    "errorPct" : 0.0,
    "meanResTime" : 280.4358974358974,
    "medianResTime" : 246.0,
    "minResTime" : 166.0,
    "maxResTime" : 614.0,
    "pct1ResTime" : 459.0,
    "pct2ResTime" : 533.0,
    "pct3ResTime" : 614.0,
    "throughput" : 0.03324411408698024,
    "receivedKBytesPerSec" : 0.017068242068295342,
    "sentKBytesPerSec" : 0.05859924406933528
  },
  "Total" : {
    "transaction" : "Total",
    "sampleCount" : 4088,
    "errorCount" : 3983,
    "errorPct" : 97.4315,
    "meanResTime" : 124.44960861056742,
    "medianResTime" : 112.0,
    "minResTime" : 90.0,
    "maxResTime" : 1315.0,
    "pct1ResTime" : 134.0,
    "pct2ResTime" : 172.0,
    "pct3ResTime" : 490.99000000000115,
    "throughput" : 3.37725360216977,
    "receivedKBytesPerSec" : 1.3965570412908082,
    "sentKBytesPerSec" : 5.966221151764921
  },
  "loginCognito" : {
    "transaction" : "loginCognito",
    "sampleCount" : 1,
    "errorCount" : 0,
    "errorPct" : 0.0,
    "meanResTime" : 1315.0,
    "medianResTime" : 1315.0,
    "minResTime" : 1315.0,
    "maxResTime" : 1315.0,
    "pct1ResTime" : 1315.0,
    "pct2ResTime" : 1315.0,
    "pct3ResTime" : 1315.0,
    "throughput" : 0.7604562737642585,
    "receivedKBytesPerSec" : 3.0871257129277567,
    "sentKBytesPerSec" : 0.3453243821292776
  }
}