{
  "autorizacionSalida" : {
    "transaction" : "autorizacionSalida",
    "sampleCount" : 454,
    "errorCount" : 6,
    "errorPct" : 1.3215859,
    "meanResTime" : 669.711453744493,
    "medianResTime" : 600.0,
    "minResTime" : 466.0,
    "maxResTime" : 3465.0,
    "pct1ResTime" : 798.5,
    "pct2ResTime" : 952.25,
    "pct3ResTime" : 2511.099999999998,
    "throughput" : 1.496640799614961,
    "receivedKBytesPerSec" : 0.7883234511910492,
    "sentKBytesPerSec" : 2.9621509452077825
  },
  "preAutorizacionPlacasNoFlypass" : {
    "transaction" : "preAutorizacionPlacasNoFlypass",
    "sampleCount" : 993,
    "errorCount" : 993,
    "errorPct" : 100.0,
    "meanResTime" : 843.3635448136964,
    "medianResTime" : 801.0,
    "minResTime" : 708.0,
    "maxResTime" : 4419.0,
    "pct1ResTime" : 899.0,
    "pct2ResTime" : 995.4999999999998,
    "pct3ResTime" : 2200.4599999999923,
    "throughput" : 3.304316575490157,
    "receivedKBytesPerSec" : 1.3552860954158845,
    "sentKBytesPerSec" : 5.914855744993611
  },
  "autorizacion" : {
    "transaction" : "autorizacion",
    "sampleCount" : 289,
    "errorCount" : 8,
    "errorPct" : 2.768166,
    "meanResTime" : 186.2283737024222,
    "medianResTime" : 143.0,
    "minResTime" : 111.0,
    "maxResTime" : 1532.0,
    "pct1ResTime" : 287.0,
    "pct2ResTime" : 381.0,
    "pct3ResTime" : 696.4000000000146,
    "throughput" : 0.9837427155383693,
    "receivedKBytesPerSec" : 0.5164735685096808,
    "sentKBytesPerSec" : 2.013199470004357
  },
  "preAutorizacion" : {
    "transaction" : "preAutorizacion",
    "sampleCount" : 291,
    "errorCount" : 5,
    "errorPct" : 1.7182131,
    "meanResTime" : 675.0652920962195,
    "medianResTime" : 595.0,
    "minResTime" : 466.0,
    "maxResTime" : 3166.0,
    "pct1ResTime" : 868.8,
    "pct2ResTime" : 1016.3999999999994,
    "pct3ResTime" : 2738.1999999999935,
    "throughput" : 0.9720315459309957,
    "receivedKBytesPerSec" : 0.5117335856941007,
    "sentKBytesPerSec" : 1.7437714354250384
  },
  "Total" : {
    "transaction" : "Total",
    "sampleCount" : 2028,
    "errorCount" : 1012,
    "errorPct" : 49.901382,
    "meanResTime" : 687.3949704142019,
    "medianResTime" : 757.0,
    "minResTime" : 111.0,
    "maxResTime" : 4419.0,
    "pct1ResTime" : 889.0,
    "pct2ResTime" : 980.0999999999999,
    "pct3ResTime" : 2310.8600000000024,
    "throughput" : 6.6136617118556735,
    "receivedKBytesPerSec" : 3.1157464175999063,
    "sentKBytesPerSec" : 12.35980962792446
  },
  "loginCognito" : {
    "transaction" : "loginCognito",
    "sampleCount" : 1,
    "errorCount" : 0,
    "errorPct" : 0.0,
    "meanResTime" : 2264.0,
    "medianResTime" : 2264.0,
    "minResTime" : 2264.0,
    "maxResTime" : 2264.0,
    "pct1ResTime" : 2264.0,
    "pct2ResTime" : 2264.0,
    "pct3ResTime" : 2264.0,
    "throughput" : 0.4416961130742049,
    "receivedKBytesPerSec" : 1.7930964277826857,
    "sentKBytesPerSec" : 0.20057489509717316
  }
}