{
  "autorizacionSalida" : {
    "transaction" : "autorizacionSalida",
    "sampleCount" : 620,
    "errorCount" : 379,
    "errorPct" : 61.129032,
    "meanResTime" : 452.70161290322574,
    "medianResTime" : 447.0,
    "minResTime" : 387.0,
    "maxResTime" : 2336.0,
    "pct1ResTime" : 489.9,
    "pct2ResTime" : 508.94999999999993,
    "pct3ResTime" : 622.1599999999999,
    "throughput" : 0.6197446651979385,
    "receivedKBytesPerSec" : 0.2819151009783969,
    "sentKBytesPerSec" : 1.226596204863596
  },
  "autorizacionConSubAccountId" : {
    "transaction" : "autorizacionConSubAccountId",
    "sampleCount" : 431,
    "errorCount" : 9,
    "errorPct" : 2.088167,
    "meanResTime" : 116.385150812065,
    "medianResTime" : 114.0,
    "minResTime" : 95.0,
    "maxResTime" : 351.0,
    "pct1ResTime" : 129.0,
    "pct2ResTime" : 138.79999999999995,
    "pct3ResTime" : 170.40000000000003,
    "throughput" : 0.4337678727963133,
    "receivedKBytesPerSec" : 0.2274788865249155,
    "sentKBytesPerSec" : 0.8803460034731623
  },
  "preAutorizacionPlacasNoFlypass" : {
    "transaction" : "preAutorizacionPlacasNoFlypass",
    "sampleCount" : 1387,
    "errorCount" : 1387,
    "errorPct" : 100.0,
    "meanResTime" : 720.0821917808227,
    "medianResTime" : 716.0,
    "minResTime" : 652.0,
    "maxResTime" : 2385.0,
    "pct1ResTime" : 770.0,
    "pct2ResTime" : 807.5999999999999,
    "pct3ResTime" : 903.1199999999999,
    "throughput" : 1.3863123890550286,
    "receivedKBytesPerSec" : 0.5686046908233516,
    "sentKBytesPerSec" : 2.481553329236199
  },
  "autorizacion" : {
    "transaction" : "autorizacion",
    "sampleCount" : 413,
    "errorCount" : 293,
    "errorPct" : 70.94431,
    "meanResTime" : 110.10653753026635,
    "medianResTime" : 107.0,
    "minResTime" : 84.0,
    "maxResTime" : 424.0,
    "pct1ResTime" : 127.0,
    "pct2ResTime" : 135.29999999999995,
    "pct3ResTime" : 182.20000000000027,
    "throughput" : 0.4148581496522926,
    "receivedKBytesPerSec" : 0.1840146312207377,
    "sentKBytesPerSec" : 0.847619730962481
  },
  "preAutorizacion" : {
    "transaction" : "preAutorizacion",
    "sampleCount" : 413,
    "errorCount" : 241,
    "errorPct" : 58.35351,
    "meanResTime" : 649.5496368038743,
    "medianResTime" : 742.0,
    "minResTime" : 383.0,
    "maxResTime" : 2332.0,
    "pct1ResTime" : 818.2,
    "pct2ResTime" : 840.3,
    "pct3ResTime" : 988.2600000000006,
    "throughput" : 0.4133306645316253,
    "receivedKBytesPerSec" : 0.19082257993895116,
    "sentKBytesPerSec" : 0.7414926081490192
  },
  "Total" : {
    "transaction" : "Total",
    "sampleCount" : 3696,
    "errorCount" : 2309,
    "errorPct" : 62.472942,
    "meanResTime" : 496.52110389610414,
    "medianResTime" : 469.0,
    "minResTime" : 84.0,
    "maxResTime" : 4007.0,
    "pct1ResTime" : 753.3000000000002,
    "pct2ResTime" : 793.0,
    "pct3ResTime" : 877.0599999999995,
    "throughput" : 3.68452271175289,
    "receivedKBytesPerSec" : 1.676879060788145,
    "sentKBytesPerSec" : 6.913261090141709
  },
  "preAutorizacionConSubAccountId" : {
    "transaction" : "preAutorizacionConSubAccountId",
    "sampleCount" : 431,
    "errorCount" : 0,
    "errorPct" : 0.0,
    "meanResTime" : 440.80278422273824,
    "medianResTime" : 423.0,
    "minResTime" : 359.0,
    "maxResTime" : 4007.0,
    "pct1ResTime" : 466.8,
    "pct2ResTime" : 503.5999999999998,
    "pct3ResTime" : 933.4000000000008,
    "throughput" : 0.43216858385073237,
    "receivedKBytesPerSec" : 0.22785342033608877,
    "sentKBytesPerSec" : 0.767079064603187
  },
  "loginCognito" : {
    "transaction" : "loginCognito",
    "sampleCount" : 1,
    "errorCount" : 0,
    "errorPct" : 0.0,
    "meanResTime" : 1827.0,
    "medianResTime" : 1827.0,
    "minResTime" : 1827.0,
    "maxResTime" : 1827.0,
    "pct1ResTime" : 1827.0,
    "pct2ResTime" : 1827.0,
    "pct3ResTime" : 1827.0,
    "throughput" : 0.5473453749315819,
    "receivedKBytesPerSec" : 2.2219870347564314,
    "sentKBytesPerSec" : 0.24855038998357964
  }
}