{
  "autorizacionSalida" : {
    "transaction" : "autorizacionSalida",
    "sampleCount" : 20,
    "errorCount" : 5,
    "errorPct" : 25.0,
    "meanResTime" : 182.5,
    "medianResTime" : 161.0,
    "minResTime" : 141.0,
    "maxResTime" : 512.0,
    "pct1ResTime" : 195.0,
    "pct2ResTime" : 496.14999999999975,
    "pct3ResTime" : 512.0,
    "throughput" : 0.3868322308614754,
    "receivedKBytesPerSec" : 0.18491638379559786,
    "sentKBytesPerSec" : 0.7535295418939306
  },
  "preAutorizacionPlacasNoFlypass" : {
    "transaction" : "preAutorizacionPlacasNoFlypass",
    "sampleCount" : 127,
    "errorCount" : 127,
    "errorPct" : 100.0,
    "meanResTime" : 144.33070866141728,
    "medianResTime" : 114.0,
    "minResTime" : 101.0,
    "maxResTime" : 2083.0,
    "pct1ResTime" : 134.2,
    "pct2ResTime" : 208.99999999999946,
    "pct3ResTime" : 1676.1599999999983,
    "throughput" : 1.268845350730835,
    "receivedKBytesPerSec" : 0.520424850885694,
    "sentKBytesPerSec" : 2.2365877520206614
  },
  "autorizacion" : {
    "transaction" : "autorizacion",
    "sampleCount" : 45,
    "errorCount" : 4,
    "errorPct" : 8.888889,
    "meanResTime" : 148.9777777777778,
    "medianResTime" : 128.0,
    "minResTime" : 108.0,
    "maxResTime" : 629.0,
    "pct1ResTime" : 190.8,
    "pct2ResTime" : 250.89999999999966,
    "pct3ResTime" : 629.0,
    "throughput" : 0.46753732506311757,
    "receivedKBytesPerSec" : 0.2324699477397168,
    "sentKBytesPerSec" : 0.9422175814813661
  },
  "preAutorizacion" : {
    "transaction" : "preAutorizacion",
    "sampleCount" : 45,
    "errorCount" : 4,
    "errorPct" : 8.888889,
    "meanResTime" : 214.3111111111111,
    "medianResTime" : 166.0,
    "minResTime" : 143.0,
    "maxResTime" : 2137.0,
    "pct1ResTime" : 202.39999999999998,
    "pct2ResTime" : 300.09999999999945,
    "pct3ResTime" : 2137.0,
    "throughput" : 0.4574983987556044,
    "receivedKBytesPerSec" : 0.23295882006079643,
    "sentKBytesPerSec" : 0.8064302829627596
  },
  "Total" : {
    "transaction" : "Total",
    "sampleCount" : 238,
    "errorCount" : 140,
    "errorPct" : 58.82353,
    "meanResTime" : 165.64705882352945,
    "medianResTime" : 122.0,
    "minResTime" : 101.0,
    "maxResTime" : 2137.0,
    "pct1ResTime" : 192.0,
    "pct2ResTime" : 248.29999999999956,
    "pct3ResTime" : 1698.0699999999854,
    "throughput" : 2.3033446887581297,
    "receivedKBytesPerSec" : 1.0742395424038014,
    "sentKBytesPerSec" : 4.193289134479522
  },
  "loginCognito" : {
    "transaction" : "loginCognito",
    "sampleCount" : 1,
    "errorCount" : 0,
    "errorPct" : 0.0,
    "meanResTime" : 1096.0,
    "medianResTime" : 1096.0,
    "minResTime" : 1096.0,
    "maxResTime" : 1096.0,
    "pct1ResTime" : 1096.0,
    "pct2ResTime" : 1096.0,
    "pct3ResTime" : 1096.0,
    "throughput" : 0.9124087591240876,
    "receivedKBytesPerSec" : 3.703987511405109,
    "sentKBytesPerSec" : 0.4143262431569343
  }
}