{
  "autorizacionSalida" : {
    "transaction" : "autorizacionSalida",
    "sampleCount" : 92,
    "errorCount" : 55,
    "errorPct" : 59.782608,
    "meanResTime" : 593.2173913043479,
    "medianResTime" : 553.0,
    "minResTime" : 447.0,
    "maxResTime" : 2728.0,
    "pct1ResTime" : 699.5,
    "pct2ResTime" : 765.0499999999998,
    "pct3ResTime" : 2728.0,
    "throughput" : 0.30452887397138756,
    "receivedKBytesPerSec" : 0.1390175861287098,
    "sentKBytesPerSec" : 0.6027090863802771
  },
  "preAutorizacionPlacasNoFlypass" : {
    "transaction" : "preAutorizacionPlacasNoFlypass",
    "sampleCount" : 384,
    "errorCount" : 384,
    "errorPct" : 100.0,
    "meanResTime" : 779.2135416666664,
    "medianResTime" : 759.0,
    "minResTime" : 682.0,
    "maxResTime" : 4365.0,
    "pct1ResTime" : 824.0,
    "pct2ResTime" : 859.0,
    "pct3ResTime" : 1130.2999999999986,
    "throughput" : 1.2803585003801063,
    "receivedKBytesPerSec" : 0.525147041171528,
    "sentKBytesPerSec" : 2.2918917296843118
  },
  "autorizacion" : {
    "transaction" : "autorizacion",
    "sampleCount" : 132,
    "errorCount" : 55,
    "errorPct" : 41.666668,
    "meanResTime" : 181.1363636363636,
    "medianResTime" : 150.0,
    "minResTime" : 117.0,
    "maxResTime" : 1015.0,
    "pct1ResTime" : 274.7,
    "pct2ResTime" : 370.8499999999999,
    "pct3ResTime" : 926.2299999999966,
    "throughput" : 0.4469470469328259,
    "receivedKBytesPerSec" : 0.21350080585906947,
    "sentKBytesPerSec" : 0.9108966515370577
  },
  "preAutorizacion" : {
    "transaction" : "preAutorizacion",
    "sampleCount" : 134,
    "errorCount" : 0,
    "errorPct" : 0.0,
    "meanResTime" : 565.7313432835823,
    "medianResTime" : 520.0,
    "minResTime" : 418.0,
    "maxResTime" : 2644.0,
    "pct1ResTime" : 654.5,
    "pct2ResTime" : 691.75,
    "pct3ResTime" : 2635.9500000000003,
    "throughput" : 0.44119729091693305,
    "receivedKBytesPerSec" : 0.2355853858747724,
    "sentKBytesPerSec" : 0.7872749204445557
  },
  "Total" : {
    "transaction" : "Total",
    "sampleCount" : 743,
    "errorCount" : 494,
    "errorPct" : 66.48721,
    "meanResTime" : 612.913862718708,
    "medianResTime" : 707.0,
    "minResTime" : 117.0,
    "maxResTime" : 4365.0,
    "pct1ResTime" : 801.6,
    "pct2ResTime" : 830.8,
    "pct3ResTime" : 1155.7199999999966,
    "throughput" : 2.4241593746125587,
    "receivedKBytesPerSec" : 1.1033157231042292,
    "sentKBytesPerSec" : 4.496091226533289
  },
  "loginCognito" : {
    "transaction" : "loginCognito",
    "sampleCount" : 1,
    "errorCount" : 0,
    "errorPct" : 0.0,
    "meanResTime" : 1883.0,
    "medianResTime" : 1883.0,
    "minResTime" : 1883.0,
    "maxResTime" : 1883.0,
    "pct1ResTime" : 1883.0,
    "pct2ResTime" : 1883.0,
    "pct3ResTime" : 1883.0,
    "throughput" : 0.5310674455655868,
    "receivedKBytesPerSec" : 2.1559056359532662,
    "sentKBytesPerSec" : 0.24115855682421666
  }
}