{
  "autorizacionSalida" : {
    "transaction" : "autorizacionSalida",
    "sampleCount" : 626,
    "errorCount" : 0,
    "errorPct" : 0.0,
    "meanResTime" : 552.816293929712,
    "medianResTime" : 516.0,
    "minResTime" : 441.0,
    "maxResTime" : 2025.0,
    "pct1ResTime" : 654.5000000000003,
    "pct2ResTime" : 752.7999999999997,
    "pct3ResTime" : 1157.3300000000022,
    "throughput" : 0.5790436160441331,
    "receivedKBytesPerSec" : 0.30590695452426386,
    "sentKBytesPerSec" : 1.1460379752828849
  },
  "autorizacionConSubAccountId" : {
    "transaction" : "autorizacionConSubAccountId",
    "sampleCount" : 436,
    "errorCount" : 5,
    "errorPct" : 1.146789,
    "meanResTime" : 136.3119266055045,
    "medianResTime" : 128.5,
    "minResTime" : 105.0,
    "maxResTime" : 359.0,
    "pct1ResTime" : 162.60000000000002,
    "pct2ResTime" : 186.7499999999999,
    "pct3ResTime" : 304.2299999999999,
    "throughput" : 0.4072703359606629,
    "receivedKBytesPerSec" : 0.21407909644133535,
    "sentKBytesPerSec" : 0.8266101642322301
  },
  "preAutorizacionPlacasNoFlypass" : {
    "transaction" : "preAutorizacionPlacasNoFlypass",
    "sampleCount" : 2670,
    "errorCount" : 2670,
    "errorPct" : 100.0,
    "meanResTime" : 783.3580524344583,
    "medianResTime" : 746.0,
    "minResTime" : 692.0,
    "maxResTime" : 21927.0,
    "pct1ResTime" : 830.9000000000001,
    "pct2ResTime" : 881.0,
    "pct3ResTime" : 1022.5799999999999,
    "throughput" : 2.47477261288717,
    "receivedKBytesPerSec" : 1.0150434545045033,
    "sentKBytesPerSec" : 4.430041025496647
  },
  "autorizacion" : {
    "transaction" : "autorizacion",
    "sampleCount" : 445,
    "errorCount" : 6,
    "errorPct" : 1.3483146,
    "meanResTime" : 140.69887640449437,
    "medianResTime" : 130.0,
    "minResTime" : 100.0,
    "maxResTime" : 384.0,
    "pct1ResTime" : 173.40000000000003,
    "pct2ResTime" : 209.7,
    "pct3ResTime" : 319.7000000000001,
    "throughput" : 0.4143192455479302,
    "receivedKBytesPerSec" : 0.21806768981407773,
    "sentKBytesPerSec" : 0.8479087730703664
  },
  "preAutorizacion" : {
    "transaction" : "preAutorizacion",
    "sampleCount" : 445,
    "errorCount" : 6,
    "errorPct" : 1.3483146,
    "meanResTime" : 626.5123595505619,
    "medianResTime" : 515.0,
    "minResTime" : 435.0,
    "maxResTime" : 21524.0,
    "pct1ResTime" : 731.6000000000001,
    "pct2ResTime" : 862.8,
    "pct3ResTime" : 2037.7000000000103,
    "throughput" : 0.4128696575130216,
    "receivedKBytesPerSec" : 0.21731016780832088,
    "sentKBytesPerSec" : 0.7406655867689657
  },
  "Total" : {
    "transaction" : "Total",
    "sampleCount" : 5062,
    "errorCount" : 2687,
    "errorPct" : 53.081787,
    "meanResTime" : 604.835440537337,
    "medianResTime" : 717.0,
    "minResTime" : 100.0,
    "maxResTime" : 21927.0,
    "pct1ResTime" : 805.0,
    "pct2ResTime" : 850.0,
    "pct3ResTime" : 1026.1099999999997,
    "throughput" : 4.670836155335291,
    "receivedKBytesPerSec" : 2.1799172153807254,
    "sentKBytesPerSec" : 8.665124434426977
  },
  "preAutorizacionConSubAccountId" : {
    "transaction" : "preAutorizacionConSubAccountId",
    "sampleCount" : 438,
    "errorCount" : 0,
    "errorPct" : 0.0,
    "meanResTime" : 502.02054794520495,
    "medianResTime" : 470.5,
    "minResTime" : 410.0,
    "maxResTime" : 2057.0,
    "pct1ResTime" : 596.1,
    "pct2ResTime" : 654.1499999999999,
    "pct3ResTime" : 1214.6900000000032,
    "throughput" : 0.4059773208833622,
    "receivedKBytesPerSec" : 0.21402624126638972,
    "sentKBytesPerSec" : 0.7206325547235184
  },
  "loginCognito" : {
    "transaction" : "loginCognito",
    "sampleCount" : 2,
    "errorCount" : 0,
    "errorPct" : 0.0,
    "meanResTime" : 1661.0,
    "medianResTime" : 1661.0,
    "minResTime" : 1493.0,
    "maxResTime" : 1829.0,
    "pct1ResTime" : 1829.0,
    "pct2ResTime" : 1829.0,
    "pct3ResTime" : 1829.0,
    "throughput" : 0.02468648168263059,
    "receivedKBytesPerSec" : 0.1002165081588822,
    "sentKBytesPerSec" : 0.01121016990471018
  }
}