{
  "autorizacionSalida" : {
    "transaction" : "autorizacionSalida",
    "sampleCount" : 1839,
    "errorCount" : 1130,
    "errorPct" : 61.446438,
    "meanResTime" : 532.3322457857521,
    "medianResTime" : 471.0,
    "minResTime" : 402.0,
    "maxResTime" : 4143.0,
    "pct1ResTime" : 668.0,
    "pct2ResTime" : 788.0,
    "pct3ResTime" : 1303.599999999994,
    "throughput" : 3.0406394105888324,
    "receivedKBytesPerSec" : 1.3819975576919579,
    "sentKBytesPerSec" : 6.018022588197557
  },
  "preAutorizacionPlacasNoFlypass" : {
    "transaction" : "preAutorizacionPlacasNoFlypass",
    "sampleCount" : 2003,
    "errorCount" : 2003,
    "errorPct" : 100.0,
    "meanResTime" : 766.6729905142288,
    "medianResTime" : 721.0,
    "minResTime" : 675.0,
    "maxResTime" : 4357.0,
    "pct1ResTime" : 835.6000000000001,
    "pct2ResTime" : 922.1999999999998,
    "pct3ResTime" : 1575.4400000000041,
    "throughput" : 3.3354092911880584,
    "receivedKBytesPerSec" : 1.3680389670888522,
    "sentKBytesPerSec" : 5.970695052649678
  },
  "autorizacion" : {
    "transaction" : "autorizacion",
    "sampleCount" : 1171,
    "errorCount" : 717,
    "errorPct" : 61.229717,
    "meanResTime" : 163.63706233988017,
    "medianResTime" : 121.0,
    "minResTime" : 89.0,
    "maxResTime" : 2850.0,
    "pct1ResTime" : 258.0,
    "pct2ResTime" : 360.99999999999864,
    "pct3ResTime" : 637.4399999999994,
    "throughput" : 1.966705407348189,
    "receivedKBytesPerSec" : 0.8946618187280404,
    "sentKBytesPerSec" : 4.022647868198827
  },
  "preAutorizacion" : {
    "transaction" : "preAutorizacion",
    "sampleCount" : 1173,
    "errorCount" : 238,
    "errorPct" : 20.289856,
    "meanResTime" : 605.9138959931801,
    "medianResTime" : 501.0,
    "minResTime" : 409.0,
    "maxResTime" : 4070.0,
    "pct1ResTime" : 830.0,
    "pct2ResTime" : 939.0,
    "pct3ResTime" : 2015.1999999999994,
    "throughput" : 1.9569308384272481,
    "receivedKBytesPerSec" : 0.9997543279160438,
    "sentKBytesPerSec" : 3.5106269044832565
  },
  "Total" : {
    "transaction" : "Total",
    "sampleCount" : 6187,
    "errorCount" : 4088,
    "errorPct" : 66.07403,
    "meanResTime" : 552.5319217714582,
    "medianResTime" : 524.0,
    "minResTime" : 89.0,
    "maxResTime" : 4357.0,
    "pct1ResTime" : 788.0,
    "pct2ResTime" : 865.0,
    "pct3ResTime" : 1331.199999999999,
    "throughput" : 10.19201244061386,
    "receivedKBytesPerSec" : 4.60163919079589,
    "sentKBytesPerSec" : 19.315213675306072
  },
  "loginCognito" : {
    "transaction" : "loginCognito",
    "sampleCount" : 1,
    "errorCount" : 0,
    "errorPct" : 0.0,
    "meanResTime" : 1554.0,
    "medianResTime" : 1554.0,
    "minResTime" : 1554.0,
    "maxResTime" : 1554.0,
    "pct1ResTime" : 1554.0,
    "pct2ResTime" : 1554.0,
    "pct3ResTime" : 1554.0,
    "throughput" : 0.6435006435006435,
    "receivedKBytesPerSec" : 2.6123361084298584,
    "sentKBytesPerSec" : 0.29221464768339767
  }
}