{
  "autorizacionSalida" : {
    "transaction" : "autorizacionSalida",
    "sampleCount" : 32,
    "errorCount" : 0,
    "errorPct" : 0.0,
    "meanResTime" : 195.21875000000006,
    "medianResTime" : 166.5,
    "minResTime" : 145.0,
    "maxResTime" : 477.0,
    "pct1ResTime" : 251.29999999999998,
    "pct2ResTime" : 465.95,
    "pct3ResTime" : 477.0,
    "throughput" : 0.38430129221309506,
    "receivedKBytesPerSec" : 0.19515299995196234,
    "sentKBytesPerSec" : 0.7485360710296872
  },
  "preAutorizacionPlacasNoFlypass" : {
    "transaction" : "preAutorizacionPlacasNoFlypass",
    "sampleCount" : 327,
    "errorCount" : 327,
    "errorPct" : 100.0,
    "meanResTime" : 112.22935779816517,
    "medianResTime" : 102.0,
    "minResTime" : 92.0,
    "maxResTime" : 2247.0,
    "pct1ResTime" : 114.0,
    "pct2ResTime" : 127.39999999999986,
    "pct3ResTime" : 255.71999999999775,
    "throughput" : 3.2750435670933236,
    "receivedKBytesPerSec" : 1.343279588065621,
    "sentKBytesPerSec" : 5.7729039439486804
  },
  "autorizacion" : {
    "transaction" : "autorizacion",
    "sampleCount" : 25,
    "errorCount" : 11,
    "errorPct" : 44.0,
    "meanResTime" : 148.56,
    "medianResTime" : 140.0,
    "minResTime" : 105.0,
    "maxResTime" : 272.0,
    "pct1ResTime" : 250.0,
    "pct2ResTime" : 266.3,
    "pct3ResTime" : 272.0,
    "throughput" : 0.26333529957023677,
    "receivedKBytesPerSec" : 0.11992042665585236,
    "sentKBytesPerSec" : 0.5306926343800034
  },
  "preAutorizacion" : {
    "transaction" : "preAutorizacion",
    "sampleCount" : 25,
    "errorCount" : 0,
    "errorPct" : 0.0,
    "meanResTime" : 516.5600000000001,
    "medianResTime" : 425.0,
    "minResTime" : 401.0,
    "maxResTime" : 2315.0,
    "pct1ResTime" : 552.0,
    "pct2ResTime" : 1789.6999999999987,
    "pct3ResTime" : 2315.0,
    "throughput" : 0.2569320260631847,
    "receivedKBytesPerSec" : 0.13223970216439537,
    "sentKBytesPerSec" : 0.4528928779727035
  },
  "Total" : {
    "transaction" : "Total",
    "sampleCount" : 410,
    "errorCount" : 338,
    "errorPct" : 82.439026,
    "meanResTime" : 148.49024390243886,
    "medianResTime" : 105.0,
    "minResTime" : 92.0,
    "maxResTime" : 2315.0,
    "pct1ResTime" : 195.80000000000007,
    "pct2ResTime" : 413.0,
    "pct3ResTime" : 561.7999999999997,
    "throughput" : 3.9008239301276806,
    "receivedKBytesPerSec" : 1.7000229976166918,
    "sentKBytesPerSec" : 6.979942049573764
  },
  "loginCognito" : {
    "transaction" : "loginCognito",
    "sampleCount" : 1,
    "errorCount" : 0,
    "errorPct" : 0.0,
    "meanResTime" : 1307.0,
    "medianResTime" : 1307.0,
    "minResTime" : 1307.0,
    "maxResTime" : 1307.0,
    "pct1ResTime" : 1307.0,
    "pct2ResTime" : 1307.0,
    "pct3ResTime" : 1307.0,
    "throughput" : 0.7651109410864575,
    "receivedKBytesPerSec" : 3.1060216622035197,
    "sentKBytesPerSec" : 0.34743807383320585
  }
}