{
  "autorizacionSalida" : {
    "transaction" : "autorizacionSalida",
    "sampleCount" : 1732,
    "errorCount" : 1059,
    "errorPct" : 61.14319,
    "meanResTime" : 842.9463048498849,
    "medianResTime" : 567.5,
    "minResTime" : 402.0,
    "maxResTime" : 29425.0,
    "pct1ResTime" : 1136.8000000000002,
    "pct2ResTime" : 1609.1499999999992,
    "pct3ResTime" : 4985.0,
    "throughput" : 2.863051265478578,
    "receivedKBytesPerSec" : 1.302020914159706,
    "sentKBytesPerSec" : 5.666530424982106
  },
  "preAutorizacionPlacasNoFlypass" : {
    "transaction" : "preAutorizacionPlacasNoFlypass",
    "sampleCount" : 983,
    "errorCount" : 983,
    "errorPct" : 100.0,
    "meanResTime" : 1025.002034587996,
    "medianResTime" : 816.0,
    "minResTime" : 678.0,
    "maxResTime" : 22690.0,
    "pct1ResTime" : 1285.2,
    "pct2ResTime" : 1777.5999999999967,
    "pct3ResTime" : 4473.8399999999965,
    "throughput" : 3.2721293140178953,
    "receivedKBytesPerSec" : 1.3420842889526523,
    "sentKBytesPerSec" : 5.857239289643362
  },
  "autorizacion" : {
    "transaction" : "autorizacion",
    "sampleCount" : 540,
    "errorCount" : 326,
    "errorPct" : 60.37037,
    "meanResTime" : 354.722222222222,
    "medianResTime" : 246.0,
    "minResTime" : 90.0,
    "maxResTime" : 3584.0,
    "pct1ResTime" : 703.7,
    "pct2ResTime" : 994.7999999999997,
    "pct3ResTime" : 1960.740000000009,
    "throughput" : 1.8279122195931878,
    "receivedKBytesPerSec" : 0.8334295949143421,
    "sentKBytesPerSec" : 3.73857898654115
  },
  "preAutorizacion" : {
    "transaction" : "preAutorizacion",
    "sampleCount" : 541,
    "errorCount" : 119,
    "errorPct" : 21.996304,
    "meanResTime" : 1057.9020332717207,
    "medianResTime" : 850.0,
    "minResTime" : 424.0,
    "maxResTime" : 7333.0,
    "pct1ResTime" : 1486.0,
    "pct2ResTime" : 2138.699999999999,
    "pct3ResTime" : 6213.140000000003,
    "throughput" : 1.807496600503159,
    "receivedKBytesPerSec" : 0.9190602615106795,
    "sentKBytesPerSec" : 3.2425500538323266
  },
  "Total" : {
    "transaction" : "Total",
    "sampleCount" : 3797,
    "errorCount" : 2487,
    "errorPct" : 65.49908,
    "meanResTime" : 851.4748485646547,
    "medianResTime" : 699.0,
    "minResTime" : 90.0,
    "maxResTime" : 29425.0,
    "pct1ResTime" : 1204.800000000001,
    "pct2ResTime" : 1639.1,
    "pct3ResTime" : 4738.299999999999,
    "throughput" : 6.250288069637131,
    "receivedKBytesPerSec" : 2.8250468473247388,
    "sentKBytesPerSec" : 11.955706566917755
  },
  "loginCognito" : {
    "transaction" : "loginCognito",
    "sampleCount" : 1,
    "errorCount" : 0,
    "errorPct" : 0.0,
    "meanResTime" : 1615.0,
    "medianResTime" : 1615.0,
    "minResTime" : 1615.0,
    "maxResTime" : 1615.0,
    "pct1ResTime" : 1615.0,
    "pct2ResTime" : 1615.0,
    "pct3ResTime" : 1615.0,
    "throughput" : 0.6191950464396285,
    "receivedKBytesPerSec" : 2.513665828173375,
    "sentKBytesPerSec" : 0.28117743808049533
  }
}