{
  "autorizacionSalida" : {
    "transaction" : "autorizacionSalida",
    "sampleCount" : 370,
    "errorCount" : 0,
    "errorPct" : 0.0,
    "meanResTime" : 497.83513513513475,
    "medianResTime" : 461.0,
    "minResTime" : 426.0,
    "maxResTime" : 4061.0,
    "pct1ResTime" : 561.9000000000001,
    "pct2ResTime" : 622.3499999999999,
    "pct3ResTime" : 795.5700000000006,
    "throughput" : 0.30709242402989917,
    "receivedKBytesPerSec" : 0.16223668121482443,
    "sentKBytesPerSec" : 0.6077954646702616
  },
  "autorizacionConSubAccountId" : {
    "transaction" : "autorizacionConSubAccountId",
    "sampleCount" : 258,
    "errorCount" : 122,
    "errorPct" : 47.286823,
    "meanResTime" : 136.64341085271317,
    "medianResTime" : 124.0,
    "minResTime" : 105.0,
    "maxResTime" : 611.0,
    "pct1ResTime" : 166.29999999999998,
    "pct2ResTime" : 197.19999999999993,
    "pct3ResTime" : 463.1200000000008,
    "throughput" : 0.21584449157328045,
    "receivedKBytesPerSec" : 0.10161828466374691,
    "sentKBytesPerSec" : 0.43808608210875044
  },
  "preAutorizacionPlacasNoFlypass" : {
    "transaction" : "preAutorizacionPlacasNoFlypass",
    "sampleCount" : 1607,
    "errorCount" : 1607,
    "errorPct" : 100.0,
    "meanResTime" : 745.5189794648409,
    "medianResTime" : 728.0,
    "minResTime" : 692.0,
    "maxResTime" : 1754.0,
    "pct1ResTime" : 812.0,
    "pct2ResTime" : 822.0,
    "pct3ResTime" : 916.5200000000004,
    "throughput" : 1.3389658217933975,
    "receivedKBytesPerSec" : 0.5491852003449482,
    "sentKBytesPerSec" : 2.396851572524538
  },
  "autorizacion" : {
    "transaction" : "autorizacion",
    "sampleCount" : 256,
    "errorCount" : 110,
    "errorPct" : 42.96875,
    "meanResTime" : 140.44921875,
    "medianResTime" : 124.0,
    "minResTime" : 97.0,
    "maxResTime" : 779.0,
    "pct1ResTime" : 150.60000000000002,
    "pct2ResTime" : 222.89999999999986,
    "pct3ResTime" : 669.8700000000008,
    "throughput" : 0.21458885697065916,
    "receivedKBytesPerSec" : 0.10224208158735401,
    "sentKBytesPerSec" : 0.43915716323380377
  },
  "preAutorizacion" : {
    "transaction" : "preAutorizacion",
    "sampleCount" : 256,
    "errorCount" : 4,
    "errorPct" : 1.5625,
    "meanResTime" : 484.5703125000002,
    "medianResTime" : 461.0,
    "minResTime" : 418.0,
    "maxResTime" : 1025.0,
    "pct1ResTime" : 553.1000000000001,
    "pct2ResTime" : 624.8999999999999,
    "pct3ResTime" : 785.6100000000001,
    "throughput" : 0.21393037736148635,
    "receivedKBytesPerSec" : 0.11392961220522942,
    "sentKBytesPerSec" : 0.38377939766899455
  },
  "Total" : {
    "transaction" : "Total",
    "sampleCount" : 3006,
    "errorCount" : 1843,
    "errorPct" : 61.31071,
    "meanResTime" : 564.5808383233535,
    "medianResTime" : 706.0,
    "minResTime" : 97.0,
    "maxResTime" : 4061.0,
    "pct1ResTime" : 781.0,
    "pct2ResTime" : 815.0,
    "pct3ResTime" : 895.8599999999997,
    "throughput" : 2.4900761436457497,
    "receivedKBytesPerSec" : 1.1400803670315078,
    "sentKBytesPerSec" : 4.617470815019483
  },
  "preAutorizacionConSubAccountId" : {
    "transaction" : "preAutorizacionConSubAccountId",
    "sampleCount" : 258,
    "errorCount" : 0,
    "errorPct" : 0.0,
    "meanResTime" : 457.32170542635674,
    "medianResTime" : 426.0,
    "minResTime" : 391.0,
    "maxResTime" : 4013.0,
    "pct1ResTime" : 486.1,
    "pct2ResTime" : 529.5499999999998,
    "pct3ResTime" : 1236.6900000000328,
    "throughput" : 0.21518523862625077,
    "receivedKBytesPerSec" : 0.11499319570513616,
    "sentKBytesPerSec" : 0.38196455000429536
  },
  "loginCognito" : {
    "transaction" : "loginCognito",
    "sampleCount" : 1,
    "errorCount" : 0,
    "errorPct" : 0.0,
    "meanResTime" : 1634.0,
    "medianResTime" : 1634.0,
    "minResTime" : 1634.0,
    "maxResTime" : 1634.0,
    "pct1ResTime" : 1634.0,
    "pct2ResTime" : 1634.0,
    "pct3ResTime" : 1634.0,
    "throughput" : 0.6119951040391677,
    "receivedKBytesPerSec" : 2.484437155752754,
    "sentKBytesPerSec" : 0.2779079329865361
  }
}