{
  "autorizacionSalida" : {
    "transaction" : "autorizacionSalida",
    "sampleCount" : 1860,
    "errorCount" : 1142,
    "errorPct" : 61.39785,
    "meanResTime" : 480.2682795698927,
    "medianResTime" : 442.0,
    "minResTime" : 401.0,
    "maxResTime" : 2663.0,
    "pct1ResTime" : 581.0,
    "pct2ResTime" : 655.0,
    "pct3ResTime" : 891.8499999999981,
    "throughput" : 4.6083862719641635,
    "receivedKBytesPerSec" : 2.0948215543331217,
    "sentKBytesPerSec" : 9.120895152708542
  },
  "preAutorizacionPlacasNoFlypass" : {
    "transaction" : "preAutorizacionPlacasNoFlypass",
    "sampleCount" : 2010,
    "errorCount" : 2010,
    "errorPct" : 100.0,
    "meanResTime" : 743.3646766169157,
    "medianResTime" : 706.0,
    "minResTime" : 670.0,
    "maxResTime" : 4428.0,
    "pct1ResTime" : 782.0,
    "pct2ResTime" : 842.4499999999998,
    "pct3ResTime" : 1713.6699999999742,
    "throughput" : 3.3504969903869077,
    "receivedKBytesPerSec" : 1.37422728121338,
    "sentKBytesPerSec" : 5.997702810291861
  },
  "autorizacion" : {
    "transaction" : "autorizacion",
    "sampleCount" : 1484,
    "errorCount" : 933,
    "errorPct" : 62.87062,
    "meanResTime" : 130.11455525606493,
    "medianResTime" : 113.0,
    "minResTime" : 88.0,
    "maxResTime" : 1058.0,
    "pct1ResTime" : 172.0,
    "pct2ResTime" : 212.75,
    "pct3ResTime" : 533.7500000000005,
    "throughput" : 2.99470679519959,
    "receivedKBytesPerSec" : 1.3564858123495331,
    "sentKBytesPerSec" : 6.124711978297457
  },
  "preAutorizacion" : {
    "transaction" : "preAutorizacion",
    "sampleCount" : 1488,
    "errorCount" : 353,
    "errorPct" : 23.723118,
    "meanResTime" : 554.5026881720436,
    "medianResTime" : 465.0,
    "minResTime" : 402.0,
    "maxResTime" : 1233.0,
    "pct1ResTime" : 798.1000000000001,
    "pct2ResTime" : 862.55,
    "pct3ResTime" : 991.4399999999996,
    "throughput" : 2.975071777605387,
    "receivedKBytesPerSec" : 1.5070200441212342,
    "sentKBytesPerSec" : 5.3371160697862265
  },
  "Total" : {
    "transaction" : "Total",
    "sampleCount" : 6843,
    "errorCount" : 4438,
    "errorPct" : 64.8546,
    "meanResTime" : 497.9158263919346,
    "medianResTime" : 463.0,
    "minResTime" : 88.0,
    "maxResTime" : 4428.0,
    "pct1ResTime" : 758.0,
    "pct2ResTime" : 800.0,
    "pct3ResTime" : 1028.1599999999944,
    "throughput" : 11.297149875851868,
    "receivedKBytesPerSec" : 5.117657105375681,
    "sentKBytesPerSec" : 21.43582804493106
  },
  "loginCognito" : {
    "transaction" : "loginCognito",
    "sampleCount" : 1,
    "errorCount" : 0,
    "errorPct" : 0.0,
    "meanResTime" : 1586.0,
    "medianResTime" : 1586.0,
    "minResTime" : 1586.0,
    "maxResTime" : 1586.0,
    "pct1ResTime" : 1586.0,
    "pct2ResTime" : 1586.0,
    "pct3ResTime" : 1586.0,
    "throughput" : 0.6305170239596469,
    "receivedKBytesPerSec" : 2.5596281919924335,
    "sentKBytesPerSec" : 0.2863187657629256
  }
}