{
  "autorizacionSalida" : {
    "transaction" : "autorizacionSalida",
    "sampleCount" : 326,
    "errorCount" : 0,
    "errorPct" : 0.0,
    "meanResTime" : 500.89263803680956,
    "medianResTime" : 472.5,
    "minResTime" : 427.0,
    "maxResTime" : 2595.0,
    "pct1ResTime" : 575.0,
    "pct2ResTime" : 641.5999999999999,
    "pct3ResTime" : 855.7200000000012,
    "throughput" : 0.3076266884081357,
    "receivedKBytesPerSec" : 0.16251805596446628,
    "sentKBytesPerSec" : 0.6088515524885677
  },
  "autorizacionConSubAccountId" : {
    "transaction" : "autorizacionConSubAccountId",
    "sampleCount" : 240,
    "errorCount" : 63,
    "errorPct" : 26.25,
    "meanResTime" : 141.7416666666667,
    "medianResTime" : 127.0,
    "minResTime" : 105.0,
    "maxResTime" : 645.0,
    "pct1ResTime" : 160.8,
    "pct2ResTime" : 194.39999999999986,
    "pct3ResTime" : 638.3100000000001,
    "throughput" : 0.2151999297013563,
    "receivedKBytesPerSec" : 0.10669629327087754,
    "sentKBytesPerSec" : 0.4367780995066542
  },
  "preAutorizacionPlacasNoFlypass" : {
    "transaction" : "preAutorizacionPlacasNoFlypass",
    "sampleCount" : 1434,
    "errorCount" : 1434,
    "errorPct" : 100.0,
    "meanResTime" : 758.3647140864716,
    "medianResTime" : 736.0,
    "minResTime" : 681.0,
    "maxResTime" : 2605.0,
    "pct1ResTime" : 822.0,
    "pct2ResTime" : 867.25,
    "pct3ResTime" : 1227.3500000000017,
    "throughput" : 1.3161759306850724,
    "receivedKBytesPerSec" : 0.5398377840700492,
    "sentKBytesPerSec" : 2.3560063290485718
  },
  "autorizacion" : {
    "transaction" : "autorizacion",
    "sampleCount" : 244,
    "errorCount" : 54,
    "errorPct" : 22.131147,
    "meanResTime" : 140.91803278688522,
    "medianResTime" : 126.0,
    "minResTime" : 104.0,
    "maxResTime" : 652.0,
    "pct1ResTime" : 173.5,
    "pct2ResTime" : 202.0,
    "pct3ResTime" : 633.3500000000001,
    "throughput" : 0.21370178791323707,
    "receivedKBytesPerSec" : 0.10715452538715932,
    "sentKBytesPerSec" : 0.4373481466515382
  },
  "preAutorizacion" : {
    "transaction" : "preAutorizacion",
    "sampleCount" : 245,
    "errorCount" : 2,
    "errorPct" : 0.81632656,
    "meanResTime" : 505.19183673469416,
    "medianResTime" : 478.0,
    "minResTime" : 428.0,
    "maxResTime" : 2155.0,
    "pct1ResTime" : 573.4000000000001,
    "pct2ResTime" : 645.2999999999997,
    "pct3ResTime" : 945.1199999999998,
    "throughput" : 0.2130201386630682,
    "receivedKBytesPerSec" : 0.1129614684608469,
    "sentKBytesPerSec" : 0.3821464792227113
  },
  "Total" : {
    "transaction" : "Total",
    "sampleCount" : 2730,
    "errorCount" : 1553,
    "errorPct" : 56.886448,
    "meanResTime" : 570.7326007326009,
    "medianResTime" : 704.0,
    "minResTime" : 104.0,
    "maxResTime" : 2605.0,
    "pct1ResTime" : 793.0,
    "pct2ResTime" : 829.0,
    "pct3ResTime" : 1030.800000000001,
    "throughput" : 2.3683916018395377,
    "receivedKBytesPerSec" : 1.0958564004807054,
    "sentKBytesPerSec" : 4.3937420741840105
  },
  "preAutorizacionConSubAccountId" : {
    "transaction" : "preAutorizacionConSubAccountId",
    "sampleCount" : 240,
    "errorCount" : 0,
    "errorPct" : 0.0,
    "meanResTime" : 472.72083333333273,
    "medianResTime" : 445.0,
    "minResTime" : 396.0,
    "maxResTime" : 1969.0,
    "pct1ResTime" : 529.2,
    "pct2ResTime" : 607.6999999999997,
    "pct3ResTime" : 1029.2800000000002,
    "throughput" : 0.21449388826477125,
    "receivedKBytesPerSec" : 0.1139193309153616,
    "sentKBytesPerSec" : 0.38073799778222256
  },
  "loginCognito" : {
    "transaction" : "loginCognito",
    "sampleCount" : 1,
    "errorCount" : 0,
    "errorPct" : 0.0,
    "meanResTime" : 1687.0,
    "medianResTime" : 1687.0,
    "minResTime" : 1687.0,
    "maxResTime" : 1687.0,
    "pct1ResTime" : 1687.0,
    "pct2ResTime" : 1687.0,
    "pct3ResTime" : 1687.0,
    "throughput" : 0.5927682276229994,
    "receivedKBytesPerSec" : 2.4063842990515707,
    "sentKBytesPerSec" : 0.2691769783639597
  }
}