{
  "autorizacionSalida" : {
    "transaction" : "autorizacionSalida",
    "sampleCount" : 61,
    "errorCount" : 0,
    "errorPct" : 0.0,
    "meanResTime" : 648.5737704918033,
    "medianResTime" : 626.0,
    "minResTime" : 499.0,
    "maxResTime" : 997.0,
    "pct1ResTime" : 795.0,
    "pct2ResTime" : 901.7999999999998,
    "pct3ResTime" : 997.0,
    "throughput" : 0.6060846928839696,
    "receivedKBytesPerSec" : 0.32020685434592533,
    "sentKBytesPerSec" : 1.1995167468155714
  },
  "preAutorizacionPlacasNoFlypass" : {
    "transaction" : "preAutorizacionPlacasNoFlypass",
    "sampleCount" : 246,
    "errorCount" : 246,
    "errorPct" : 100.0,
    "meanResTime" : 810.4796747967483,
    "medianResTime" : 794.0,
    "minResTime" : 724.0,
    "maxResTime" : 2343.0,
    "pct1ResTime" : 864.3,
    "pct2ResTime" : 905.65,
    "pct3ResTime" : 1695.0300000000016,
    "throughput" : 2.4491502643290226,
    "receivedKBytesPerSec" : 1.0045342881037007,
    "sentKBytesPerSec" : 4.384074643081151
  },
  "autorizacion" : {
    "transaction" : "autorizacion",
    "sampleCount" : 38,
    "errorCount" : 24,
    "errorPct" : 63.157894,
    "meanResTime" : 152.23684210526315,
    "medianResTime" : 133.5,
    "minResTime" : 106.0,
    "maxResTime" : 375.0,
    "pct1ResTime" : 211.40000000000003,
    "pct2ResTime" : 241.0499999999996,
    "pct3ResTime" : 375.0,
    "throughput" : 0.4046772166727013,
    "receivedKBytesPerSec" : 0.18327576555877403,
    "sentKBytesPerSec" : 0.8267949065248876
  },
  "preAutorizacion" : {
    "transaction" : "preAutorizacion",
    "sampleCount" : 38,
    "errorCount" : 23,
    "errorPct" : 60.526318,
    "meanResTime" : 803.3947368421051,
    "medianResTime" : 847.0,
    "minResTime" : 504.0,
    "maxResTime" : 1172.0,
    "pct1ResTime" : 978.1,
    "pct2ResTime" : 1118.7999999999997,
    "pct3ResTime" : 1172.0,
    "throughput" : 0.3906049236778537,
    "receivedKBytesPerSec" : 0.17875957239039936,
    "sentKBytesPerSec" : 0.700723871871306
  },
  "Total" : {
    "transaction" : "Total",
    "sampleCount" : 384,
    "errorCount" : 293,
    "errorPct" : 76.302086,
    "meanResTime" : 721.7135416666669,
    "medianResTime" : 780.5,
    "minResTime" : 106.0,
    "maxResTime" : 2343.0,
    "pct1ResTime" : 872.5,
    "pct2ResTime" : 916.75,
    "pct3ResTime" : 1278.6499999999837,
    "throughput" : 3.7049544116937625,
    "receivedKBytesPerSec" : 1.6574473714361524,
    "sentKBytesPerSec" : 6.824621454242848
  },
  "loginCognito" : {
    "transaction" : "loginCognito",
    "sampleCount" : 1,
    "errorCount" : 0,
    "errorPct" : 0.0,
    "meanResTime" : 1883.0,
    "medianResTime" : 1883.0,
    "minResTime" : 1883.0,
    "maxResTime" : 1883.0,
    "pct1ResTime" : 1883.0,
    "pct2ResTime" : 1883.0,
    "pct3ResTime" : 1883.0,
    "throughput" : 0.5310674455655868,
    "receivedKBytesPerSec" : 2.1559056359532662,
    "sentKBytesPerSec" : 0.24115855682421666
  }
}