{
  "autorizacionSalida" : {
    "transaction" : "autorizacionSalida",
    "sampleCount" : 29,
    "errorCount" : 9,
    "errorPct" : 31.034483,
    "meanResTime" : 281.0344827586208,
    "medianResTime" : 188.0,
    "minResTime" : 129.0,
    "maxResTime" : 798.0,
    "pct1ResTime" : 553.0,
    "pct2ResTime" : 716.0,
    "pct3ResTime" : 798.0,
    "throughput" : 0.028409118739340457,
    "receivedKBytesPerSec" : 0.013376087628416564,
    "sentKBytesPerSec" : 0.055340190319053996
  },
  "preAutorizacionPlacasNoFlypass" : {
    "transaction" : "preAutorizacionPlacasNoFlypass",
    "sampleCount" : 2125,
    "errorCount" : 2125,
    "errorPct" : 100.0,
    "meanResTime" : 114.48047058823545,
    "medianResTime" : 108.0,
    "minResTime" : 91.0,
    "maxResTime" : 2343.0,
    "pct1ResTime" : 121.0,
    "pct2ResTime" : 129.0,
    "pct3ResTime" : 350.31999999999607,
    "throughput" : 1.770997150569761,
    "receivedKBytesPerSec" : 0.7263855500383786,
    "sentKBytesPerSec" : 3.121819530025278
  },
  "autorizacion" : {
    "transaction" : "autorizacion",
    "sampleCount" : 32,
    "errorCount" : 9,
    "errorPct" : 28.125,
    "meanResTime" : 228.84374999999994,
    "medianResTime" : 187.0,
    "minResTime" : 115.0,
    "maxResTime" : 535.0,
    "pct1ResTime" : 477.09999999999997,
    "pct2ResTime" : 508.3499999999999,
    "pct3ResTime" : 535.0,
    "throughput" : 0.02773905867504386,
    "receivedKBytesPerSec" : 0.0131567520119486,
    "sentKBytesPerSec" : 0.05590392138187322
  },
  "preAutorizacion" : {
    "transaction" : "preAutorizacion",
    "sampleCount" : 32,
    "errorCount" : 9,
    "errorPct" : 28.125,
    "meanResTime" : 373.00000000000006,
    "medianResTime" : 237.0,
    "minResTime" : 158.0,
    "maxResTime" : 2284.0,
    "pct1ResTime" : 580.1999999999999,
    "pct2ResTime" : 1256.9999999999966,
    "pct3ResTime" : 2284.0,
    "throughput" : 0.02705149675086163,
    "receivedKBytesPerSec" : 0.013855966841627857,
    "sentKBytesPerSec" : 0.047683546518852774
  },
  "Total" : {
    "transaction" : "Total",
    "sampleCount" : 2219,
    "errorCount" : 2152,
    "errorPct" : 96.98062,
    "meanResTime" : 122.52050473186134,
    "medianResTime" : 109.0,
    "minResTime" : 91.0,
    "maxResTime" : 2343.0,
    "pct1ResTime" : 125.0,
    "pct2ResTime" : 158.0,
    "pct3ResTime" : 528.2000000000007,
    "throughput" : 1.815140348222283,
    "receivedKBytesPerSec" : 0.7532662774183126,
    "sentKBytesPerSec" : 3.209567063668972
  },
  "loginCognito" : {
    "transaction" : "loginCognito",
    "sampleCount" : 1,
    "errorCount" : 0,
    "errorPct" : 0.0,
    "meanResTime" : 1193.0,
    "medianResTime" : 1193.0,
    "minResTime" : 1193.0,
    "maxResTime" : 1193.0,
    "pct1ResTime" : 1193.0,
    "pct2ResTime" : 1193.0,
    "pct3ResTime" : 1193.0,
    "throughput" : 0.8382229673093042,
    "receivedKBytesPerSec" : 3.4028250733445096,
    "sentKBytesPerSec" : 0.3806383591785415
  }
}