{
  "autorizacionSalida" : {
    "transaction" : "autorizacionSalida",
    "sampleCount" : 370,
    "errorCount" : 227,
    "errorPct" : 61.351353,
    "meanResTime" : 486.46486486486486,
    "medianResTime" : 477.5,
    "minResTime" : 407.0,
    "maxResTime" : 2265.0,
    "pct1ResTime" : 540.9000000000001,
    "pct2ResTime" : 575.3499999999999,
    "pct3ResTime" : 698.6400000000024,
    "throughput" : 0.3081848909441952,
    "receivedKBytesPerSec" : 0.140107482343921,
    "sentKBytesPerSec" : 0.6099576685667237
  },
  "autorizacionConSubAccountId" : {
    "transaction" : "autorizacionConSubAccountId",
    "sampleCount" : 253,
    "errorCount" : 42,
    "errorPct" : 16.60079,
    "meanResTime" : 131.4545454545455,
    "medianResTime" : 125.0,
    "minResTime" : 101.0,
    "maxResTime" : 650.0,
    "pct1ResTime" : 146.6,
    "pct2ResTime" : 162.7999999999999,
    "pct3ResTime" : 393.0600000000029,
    "throughput" : 0.21216181992912286,
    "receivedKBytesPerSec" : 0.10758528428216348,
    "sentKBytesPerSec" : 0.43056634286482187
  },
  "preAutorizacionPlacasNoFlypass" : {
    "transaction" : "preAutorizacionPlacasNoFlypass",
    "sampleCount" : 1572,
    "errorCount" : 1572,
    "errorPct" : 100.0,
    "meanResTime" : 762.2620865139951,
    "medianResTime" : 738.5,
    "minResTime" : 668.0,
    "maxResTime" : 21749.0,
    "pct1ResTime" : 810.0,
    "pct2ResTime" : 827.0,
    "pct3ResTime" : 989.9399999999978,
    "throughput" : 1.3095754792821328,
    "receivedKBytesPerSec" : 0.5371305676743123,
    "sentKBytesPerSec" : 2.344227058895075
  },
  "autorizacion" : {
    "transaction" : "autorizacion",
    "sampleCount" : 250,
    "errorCount" : 151,
    "errorPct" : 60.4,
    "meanResTime" : 133.11999999999998,
    "medianResTime" : 130.0,
    "minResTime" : 100.0,
    "maxResTime" : 472.0,
    "pct1ResTime" : 150.9,
    "pct2ResTime" : 166.34999999999997,
    "pct3ResTime" : 187.0,
    "throughput" : 0.20984738219587656,
    "receivedKBytesPerSec" : 0.09564122330111756,
    "sentKBytesPerSec" : 0.42946496340891194
  },
  "preAutorizacion" : {
    "transaction" : "preAutorizacion",
    "sampleCount" : 251,
    "errorCount" : 0,
    "errorPct" : 0.0,
    "meanResTime" : 589.3067729083668,
    "medianResTime" : 469.0,
    "minResTime" : 415.0,
    "maxResTime" : 21549.0,
    "pct1ResTime" : 554.8,
    "pct2ResTime" : 591.4,
    "pct3ResTime" : 3003.59999999998,
    "throughput" : 0.20921984337685828,
    "receivedKBytesPerSec" : 0.11251313484885743,
    "sentKBytesPerSec" : 0.3753289573078991
  },
  "Total" : {
    "transaction" : "Total",
    "sampleCount" : 2950,
    "errorCount" : 1992,
    "errorPct" : 67.52542,
    "meanResTime" : 586.5735593220338,
    "medianResTime" : 690.0,
    "minResTime" : 100.0,
    "maxResTime" : 21749.0,
    "pct1ResTime" : 777.0,
    "pct2ResTime" : 814.0,
    "pct3ResTime" : 916.9199999999983,
    "throughput" : 2.4523373684674303,
    "receivedKBytesPerSec" : 1.1041192760263656,
    "sentKBytesPerSec" : 4.548158723275757
  },
  "preAutorizacionConSubAccountId" : {
    "transaction" : "preAutorizacionConSubAccountId",
    "sampleCount" : 253,
    "errorCount" : 0,
    "errorPct" : 0.0,
    "meanResTime" : 537.5810276679841,
    "medianResTime" : 445.0,
    "minResTime" : 384.0,
    "maxResTime" : 21491.0,
    "pct1ResTime" : 503.0,
    "pct2ResTime" : 546.3999999999999,
    "pct3ResTime" : 1391.02000000001,
    "throughput" : 0.21151900744914764,
    "receivedKBytesPerSec" : 0.11197186217195744,
    "sentKBytesPerSec" : 0.37540884487003706
  },
  "loginCognito" : {
    "transaction" : "loginCognito",
    "sampleCount" : 1,
    "errorCount" : 0,
    "errorPct" : 0.0,
    "meanResTime" : 1662.0,
    "medianResTime" : 1662.0,
    "minResTime" : 1662.0,
    "maxResTime" : 1662.0,
    "pct1ResTime" : 1662.0,
    "pct2ResTime" : 1662.0,
    "pct3ResTime" : 1662.0,
    "throughput" : 0.601684717208183,
    "receivedKBytesPerSec" : 2.442581415463297,
    "sentKBytesPerSec" : 0.2732259702166065
  }
}