{
  "autorizacionSalida" : {
    "transaction" : "autorizacionSalida",
    "sampleCount" : 8,
    "errorCount" : 3,
    "errorPct" : 37.5,
    "meanResTime" : 354.875,
    "medianResTime" : 335.5,
    "minResTime" : 223.0,
    "maxResTime" : 522.0,
    "pct1ResTime" : 522.0,
    "pct2ResTime" : 522.0,
    "pct3ResTime" : 522.0,
    "throughput" : 0.03319956674565397,
    "receivedKBytesPerSec" : 0.015375873563599995,
    "sentKBytesPerSec" : 0.0646564804516801
  },
  "preAutorizacionPlacasNoFlypass" : {
    "transaction" : "preAutorizacionPlacasNoFlypass",
    "sampleCount" : 745,
    "errorCount" : 745,
    "errorPct" : 100.0,
    "meanResTime" : 115.94362416107384,
    "medianResTime" : 110.0,
    "minResTime" : 93.0,
    "maxResTime" : 2057.0,
    "pct1ResTime" : 121.0,
    "pct2ResTime" : 126.69999999999993,
    "pct3ResTime" : 289.8199999999988,
    "throughput" : 2.4857445055036718,
    "receivedKBytesPerSec" : 1.0195436448354904,
    "sentKBytesPerSec" : 4.381610187923953
  },
  "autorizacion" : {
    "transaction" : "autorizacion",
    "sampleCount" : 7,
    "errorCount" : 1,
    "errorPct" : 14.285714,
    "meanResTime" : 379.71428571428567,
    "medianResTime" : 347.0,
    "minResTime" : 155.0,
    "maxResTime" : 706.0,
    "pct1ResTime" : 706.0,
    "pct2ResTime" : 706.0,
    "pct3ResTime" : 706.0,
    "throughput" : 0.02849107211904384,
    "receivedKBytesPerSec" : 0.013983201969140099,
    "sentKBytesPerSec" : 0.05742731723994774
  },
  "preAutorizacion" : {
    "transaction" : "preAutorizacion",
    "sampleCount" : 8,
    "errorCount" : 1,
    "errorPct" : 12.5,
    "meanResTime" : 447.75,
    "medianResTime" : 212.5,
    "minResTime" : 152.0,
    "maxResTime" : 2149.0,
    "pct1ResTime" : 2149.0,
    "pct2ResTime" : 2149.0,
    "pct3ResTime" : 2149.0,
    "throughput" : 0.02785020765811085,
    "receivedKBytesPerSec" : 0.014197078513216665,
    "sentKBytesPerSec" : 0.0490914304911036
  },
  "Total" : {
    "transaction" : "Total",
    "sampleCount" : 769,
    "errorCount" : 750,
    "errorPct" : 97.52926,
    "meanResTime" : 125.5331599479843,
    "medianResTime" : 110.0,
    "minResTime" : 93.0,
    "maxResTime" : 2149.0,
    "pct1ResTime" : 123.0,
    "pct2ResTime" : 152.0,
    "pct3ResTime" : 498.8999999999985,
    "throughput" : 2.2430877021039524,
    "receivedKBytesPerSec" : 0.9358684791121572,
    "sentKBytesPerSec" : 3.9595401961899594
  },
  "loginCognito" : {
    "transaction" : "loginCognito",
    "sampleCount" : 1,
    "errorCount" : 0,
    "errorPct" : 0.0,
    "meanResTime" : 1078.0,
    "medianResTime" : 1078.0,
    "minResTime" : 1078.0,
    "maxResTime" : 1078.0,
    "pct1ResTime" : 1078.0,
    "pct2ResTime" : 1078.0,
    "pct3ResTime" : 1078.0,
    "throughput" : 0.9276437847866419,
    "receivedKBytesPerSec" : 3.7658351692949905,
    "sentKBytesPerSec" : 0.4212444921150278
  }
}