{
  "autorizacionSalida" : {
    "transaction" : "autorizacionSalida",
    "sampleCount" : 1587,
    "errorCount" : 973,
    "errorPct" : 61.31065,
    "meanResTime" : 4043.078764965344,
    "medianResTime" : 3524.0,
    "minResTime" : 509.0,
    "maxResTime" : 16429.0,
    "pct1ResTime" : 7887.6,
    "pct2ResTime" : 9384.8,
    "pct3ResTime" : 13618.919999999976,
    "throughput" : 3.9187700938825705,
    "receivedKBytesPerSec" : 1.7817550092722003,
    "sentKBytesPerSec" : 7.756017303734314
  },
  "preAutorizacionPlacasNoFlypass" : {
    "transaction" : "preAutorizacionPlacasNoFlypass",
    "sampleCount" : 6684,
    "errorCount" : 6684,
    "errorPct" : 100.0,
    "meanResTime" : 2067.1125074805555,
    "medianResTime" : 1508.0,
    "minResTime" : 738.0,
    "maxResTime" : 10097.0,
    "pct1ResTime" : 4079.0,
    "pct2ResTime" : 4895.25,
    "pct3ResTime" : 6641.5499999999865,
    "throughput" : 11.094088961846227,
    "receivedKBytesPerSec" : 4.550309925757242,
    "sentKBytesPerSec" : 19.859458819792426
  },
  "autorizacion" : {
    "transaction" : "autorizacion",
    "sampleCount" : 1428,
    "errorCount" : 953,
    "errorPct" : 66.736694,
    "meanResTime" : 1313.37324929972,
    "medianResTime" : 809.0,
    "minResTime" : 105.0,
    "maxResTime" : 16889.0,
    "pct1ResTime" : 3113.1000000000004,
    "pct2ResTime" : 3806.75,
    "pct3ResTime" : 6262.650000000004,
    "throughput" : 2.872326302704573,
    "receivedKBytesPerSec" : 1.2877394328110983,
    "sentKBytesPerSec" : 5.874623783460187
  },
  "preAutorizacion" : {
    "transaction" : "preAutorizacion",
    "sampleCount" : 1438,
    "errorCount" : 326,
    "errorPct" : 22.670376,
    "meanResTime" : 3570.096662030604,
    "medianResTime" : 2777.0,
    "minResTime" : 517.0,
    "maxResTime" : 17281.0,
    "pct1ResTime" : 7208.500000000002,
    "pct2ResTime" : 8476.4,
    "pct3ResTime" : 11558.869999999963,
    "throughput" : 2.860575775418941,
    "receivedKBytesPerSec" : 1.4547944203604166,
    "sentKBytesPerSec" : 5.131716503363862
  },
  "Total" : {
    "transaction" : "Total",
    "sampleCount" : 11138,
    "errorCount" : 8936,
    "errorPct" : 80.22984,
    "meanResTime" : 2446.036092655777,
    "medianResTime" : 1659.0,
    "minResTime" : 105.0,
    "maxResTime" : 17281.0,
    "pct1ResTime" : 5201.200000000001,
    "pct2ResTime" : 6615.0999999999985,
    "pct3ResTime" : 9920.220000000001,
    "throughput" : 18.33798999955546,
    "receivedKBytesPerSec" : 7.96650113737769,
    "sentKBytesPerSec" : 33.92764471183688
  },
  "loginCognito" : {
    "transaction" : "loginCognito",
    "sampleCount" : 1,
    "errorCount" : 0,
    "errorPct" : 0.0,
    "meanResTime" : 1708.0,
    "medianResTime" : 1708.0,
    "minResTime" : 1708.0,
    "maxResTime" : 1708.0,
    "pct1ResTime" : 1708.0,
    "pct2ResTime" : 1708.0,
    "pct3ResTime" : 1708.0,
    "throughput" : 0.585480093676815,
    "receivedKBytesPerSec" : 2.376797606850117,
    "sentKBytesPerSec" : 0.26586742535128804
  }
}