{
  "autorizacionSalida" : {
    "transaction" : "autorizacionSalida",
    "sampleCount" : 360,
    "errorCount" : 221,
    "errorPct" : 61.38889,
    "meanResTime" : 663.3833333333333,
    "medianResTime" : 605.0,
    "minResTime" : 423.0,
    "maxResTime" : 2779.0,
    "pct1ResTime" : 889.3000000000002,
    "pct2ResTime" : 1075.8,
    "pct3ResTime" : 1781.8999999999999,
    "throughput" : 0.2999937501302056,
    "receivedKBytesPerSec" : 0.13637004307201933,
    "sentKBytesPerSec" : 0.5937457683173267
  },
  "preAutorizacionPlacasNoFlypass" : {
    "transaction" : "preAutorizacionPlacasNoFlypass",
    "sampleCount" : 1353,
    "errorCount" : 1353,
    "errorPct" : 100.0,
    "meanResTime" : 885.7287509238731,
    "medianResTime" : 834.0,
    "minResTime" : 681.0,
    "maxResTime" : 4688.0,
    "pct1ResTime" : 1057.6000000000001,
    "pct2ResTime" : 1202.7999999999997,
    "pct3ResTime" : 1564.3000000000002,
    "throughput" : 1.1272651530931055,
    "receivedKBytesPerSec" : 0.4623548479483441,
    "sentKBytesPerSec" : 2.017848657831702
  },
  "autorizacion" : {
    "transaction" : "autorizacion",
    "sampleCount" : 494,
    "errorCount" : 192,
    "errorPct" : 38.866398,
    "meanResTime" : 198.2348178137653,
    "medianResTime" : 157.0,
    "minResTime" : 110.0,
    "maxResTime" : 2152.0,
    "pct1ResTime" : 304.5,
    "pct2ResTime" : 428.75,
    "pct3ResTime" : 676.3500000000001,
    "throughput" : 0.4134226794978337,
    "receivedKBytesPerSec" : 0.1988483518641262,
    "sentKBytesPerSec" : 0.8425353747333465
  },
  "preAutorizacion" : {
    "transaction" : "preAutorizacion",
    "sampleCount" : 494,
    "errorCount" : 0,
    "errorPct" : 0.0,
    "meanResTime" : 658.261133603239,
    "medianResTime" : 593.5,
    "minResTime" : 407.0,
    "maxResTime" : 2389.0,
    "pct1ResTime" : 914.0,
    "pct2ResTime" : 1075.25,
    "pct3ResTime" : 1552.7000000000003,
    "throughput" : 0.41216607456034227,
    "receivedKBytesPerSec" : 0.2199352707885221,
    "sentKBytesPerSec" : 0.7354443360434226
  },
  "Total" : {
    "transaction" : "Total",
    "sampleCount" : 2702,
    "errorCount" : 1766,
    "errorPct" : 65.35899,
    "meanResTime" : 689.6846780162846,
    "medianResTime" : 751.0,
    "minResTime" : 110.0,
    "maxResTime" : 4688.0,
    "pct1ResTime" : 999.1000000000008,
    "pct2ResTime" : 1117.6999999999998,
    "pct3ResTime" : 1550.7699999999918,
    "throughput" : 2.2435748400767896,
    "receivedKBytesPerSec" : 1.0162144106505868,
    "sentKBytesPerSec" : 4.170872580237693
  },
  "loginCognito" : {
    "transaction" : "loginCognito",
    "sampleCount" : 1,
    "errorCount" : 0,
    "errorPct" : 0.0,
    "meanResTime" : 3210.0,
    "medianResTime" : 3210.0,
    "minResTime" : 3210.0,
    "maxResTime" : 3210.0,
    "pct1ResTime" : 3210.0,
    "pct2ResTime" : 3210.0,
    "pct3ResTime" : 3210.0,
    "throughput" : 0.31152647975077885,
    "receivedKBytesPerSec" : 1.264663648753894,
    "sentKBytesPerSec" : 0.14146466121495327
  }
}