{
  "autorizacionSalida" : {
    "transaction" : "autorizacionSalida",
    "sampleCount" : 34,
    "errorCount" : 10,
    "errorPct" : 29.411764,
    "meanResTime" : 320.61764705882365,
    "medianResTime" : 371.5,
    "minResTime" : 123.0,
    "maxResTime" : 603.0,
    "pct1ResTime" : 555.5,
    "pct2ResTime" : 583.5,
    "pct3ResTime" : 603.0,
    "throughput" : 0.033079368106235366,
    "receivedKBytesPerSec" : 0.015638970560335308,
    "sentKBytesPerSec" : 0.0644342689240741
  },
  "preAutorizacionPlacasNoFlypass" : {
    "transaction" : "preAutorizacionPlacasNoFlypass",
    "sampleCount" : 2989,
    "errorCount" : 2989,
    "errorPct" : 100.0,
    "meanResTime" : 112.08631649381084,
    "medianResTime" : 107.0,
    "minResTime" : 88.0,
    "maxResTime" : 1883.0,
    "pct1ResTime" : 118.0,
    "pct2ResTime" : 124.5,
    "pct3ResTime" : 297.2999999999997,
    "throughput" : 2.49144581376255,
    "receivedKBytesPerSec" : 1.021882072051046,
    "sentKBytesPerSec" : 4.391751025512522
  },
  "autorizacion" : {
    "transaction" : "autorizacion",
    "sampleCount" : 29,
    "errorCount" : 7,
    "errorPct" : 24.137932,
    "meanResTime" : 348.7586206896552,
    "medianResTime" : 353.0,
    "minResTime" : 131.0,
    "maxResTime" : 649.0,
    "pct1ResTime" : 602.0,
    "pct2ResTime" : 641.0,
    "pct3ResTime" : 649.0,
    "throughput" : 0.0253443776556975,
    "receivedKBytesPerSec" : 0.012141336090044204,
    "sentKBytesPerSec" : 0.05107708006332599
  },
  "preAutorizacion" : {
    "transaction" : "preAutorizacion",
    "sampleCount" : 30,
    "errorCount" : 8,
    "errorPct" : 26.666666,
    "meanResTime" : 277.69999999999993,
    "medianResTime" : 204.5,
    "minResTime" : 172.0,
    "maxResTime" : 2114.0,
    "pct1ResTime" : 281.3,
    "pct2ResTime" : 1148.7499999999986,
    "pct3ResTime" : 2114.0,
    "throughput" : 0.025315643886525158,
    "receivedKBytesPerSec" : 0.012961082260653244,
    "sentKBytesPerSec" : 0.04462376681169718
  },
  "Total" : {
    "transaction" : "Total",
    "sampleCount" : 3083,
    "errorCount" : 3014,
    "errorPct" : 97.76192,
    "meanResTime" : 118.60103795004868,
    "medianResTime" : 107.0,
    "minResTime" : 88.0,
    "maxResTime" : 2114.0,
    "pct1ResTime" : 121.0,
    "pct2ResTime" : 151.79999999999973,
    "pct3ResTime" : 481.67999999999665,
    "throughput" : 2.5070095433876096,
    "receivedKBytesPerSec" : 1.037073144371792,
    "sentKBytesPerSec" : 4.429195886650317
  },
  "loginCognito" : {
    "transaction" : "loginCognito",
    "sampleCount" : 1,
    "errorCount" : 0,
    "errorPct" : 0.0,
    "meanResTime" : 1275.0,
    "medianResTime" : 1275.0,
    "minResTime" : 1275.0,
    "maxResTime" : 1275.0,
    "pct1ResTime" : 1275.0,
    "pct2ResTime" : 1275.0,
    "pct3ResTime" : 1275.0,
    "throughput" : 0.7843137254901961,
    "receivedKBytesPerSec" : 3.1839767156862746,
    "sentKBytesPerSec" : 0.35615808823529416
  }
}